filename,subject
S48T4,48
S56T32,56
S1T84,1
S11T21,11
S14T15,14
S68T33,68
S71T25,71
S43T15,43
S51T27,51
S52T96,52
S59T45,59
S32T25,32
S51T7,51
S40T98,40
S72T72,72
S84T40,84
S77T42,77
S96T9,96
S83T20,83
S87T33,87
S71T16,71
S26T55,26
S104T36,104
S52T44,52
S11T6,11
S72T5,72
S32T39,32
S104T65,104
S96T72,96
S76T50,76
S39T66,39
S102T24,102
S24T44,24
S72T39,72
S81T1,81
S21T48,21
S80T3,80
S14T40,14
S93T55,93
S70T66,70
S48T78,48
S81T26,81
S26T63,26
S72T52,72
S3T42,3
S3T70,3
S51T16,51
S4T5,4
S9T27,9
S84T32,84
S100T16,100
S25T10,25
S55T98,55
S22T14,22
S42T104,42
S8T54,8
S37T48,37
S6T104,6
S63T50,63
S40T7,40
S44T7,44
S7T15,7
S6T6,6
S76T2,76
S90T63,90
S31T5,31
S18T26,18
S85T33,85
S90T14,90
S1T40,1
S6T35,6
S17T42,17
S24T24,24
S76T104,76
S100T6,100
S81T66,81
S25T70,25
S107T1,107
S73T13,73
S47T40,47
S63T56,63
S46T32,46
S60T25,60
S88T88,88
S53T35,53
S38T66,38
S3T48,3
S92T24,92
S53T9,53
S75T80,75
S38T96,38
S68T64,68
S107T42,107
S96T84,96
S37T26,37
S56T14,56
S86T72,86
S98T80,98
S18T32,18
S96T33,96
S99T63,99
S67T54,67
S93T1,93
S2T28,2
S12T22,12
S71T10,71
S109T49,109
S9T16,9
S66T45,66
S48T96,48
S36T26,36
S103T28,103
S50T16,50
S41T72,41
S94T8,94
S76T12,76
S50T56,50
S41T7,41
S56T21,56
S61T25,61
S53T40,53
S104T9,104
S33T35,33
S38T55,38
S81T33,81
S68T60,68
S54T60,54
S61T35,61
S45T77,45
S20T2,20
S53T16,53
S22T45,22
S108T35,108
S88T33,88
S58T30,58
S96T24,96
S65T42,65
S86T52,86
S32T50,32
S85T8,85
S108T66,108
S68T25,68
S99T12,99
S85T96,85
S101T80,101
S24T42,24
S74T72,74
S37T54,37
S82T4,82
S8T32,8
S41T18,41
S103T35,103
S41T77,41
S83T77,83
S47T14,47
S64T39,64
S93T2,93
S19T24,19
S100T13,100
S11T9,11
S91T88,91
S67T52,67
S54T11,54
S25T5,25
S6T96,6
S35T21,35
S106T27,106
S87T21,87
S22T30,22
S42T18,42
S59T80,59
S83T42,83
S51T35,51
S1T35,1
S37T96,37
S62T70,62
S93T45,93
S31T49,31
S42T21,42
S43T11,43
S36T66,36
S62T5,62
S107T77,107
S94T10,94
S106T60,106
S41T1,41
S56T55,56
S80T60,80
S83T33,83
S63T13,63
S61T21,61
S44T15,44
S103T11,103
S31T32,31
S97T72,97
S101T26,101
S74T84,74
S84T14,84
S100T35,100
S105T60,105
S12T49,12
S22T32,22
S71T36,71
S15T22,15
S104T40,104
S103T48,103
S105T21,105
S84T2,84
S13T7,13
S77T13,77
S17T64,17
S81T65,81
S47T13,47
S31T84,31
S31T50,31
S105T10,105
S58T98,58
S5T7,5
S100T9,100
S55T80,55
S88T7,88
S81T25,81
S98T49,98
S33T44,33
S56T70,56
S86T66,86
S77T28,77
S16T26,16
S107T18,107
S90T50,90
S74T8,74
S1T72,1
S75T33,75
S94T4,94
S29T12,29
S45T42,45
S71T3,71
S26T49,26
S44T88,44
S66T15,66
S10T22,10
S87T48,87
S68T14,68
S73T32,73
S17T96,17
S21T6,21
S72T28,72
S46T39,46
S20T78,20
S16T13,16
S33T56,33
S7T18,7
S14T72,14
S94T54,94
S31T16,31
S79T12,79
S41T52,41
S86T64,86
S4T25,4
S101T42,101
S23T5,23
S93T28,93
S98T64,98
S12T35,12
S109T42,109
S104T98,104
S53T1,53
S89T20,89
S15T11,15
S26T7,26
S26T70,26
S85T88,85
S77T35,77
S70T5,70
S76T77,76
S57T42,57
S72T18,72
S63T55,63
S70T13,70
S59T78,59
S106T98,106
S48T56,48
S46T60,46
S17T56,17
S98T50,98
S107T72,107
S15T1,15
S22T15,22
S64T44,64
S41T6,41
S85T1,85
S30T45,30
S87T5,87
S41T54,41
S96T18,96
S33T25,33
S33T39,33
S47T44,47
S34T25,34
S107T4,107
S42T16,42
S59T112,59
S12T70,12
S20T65,20
S32T7,32
S88T45,88
S53T3,53
S76T9,76
S7T55,7
S28T11,28
S72T42,72
S49T11,49
S65T65,65
S93T32,93
S40T32,40
S7T35,7
S101T7,101
S80T11,80
S21T60,21
S51T6,51
S87T18,87
S30T11,30
S32T91,32
S68T88,68
S18T39,18
S100T77,100
S4T7,4
S7T28,7
S41T20,41
S3T3,3
S10T70,10
S75T9,75
S1T60,1
S102T60,102
S26T64,26
S70T50,70
S55T52,55
S99T8,99
S56T39,56
S77T50,77
S39T84,39
S26T65,26
S37T27,37
S18T60,18
S74T96,74
S99T78,99
S30T63,30
S6T11,6
S13T80,13
S21T7,21
S83T96,83
S15T55,15
S73T42,73
S81T27,81
S103T44,103
S103T10,103
S48T35,48
S97T27,97
S28T21,28
S40T55,40
S49T80,49
S1T8,1
S94T49,94
S54T78,54
S59T3,59
S74T1,74
S79T5,79
S69T84,69
S22T9,22
S74T22,74
S101T3,101
S56T4,56
S69T63,69
S75T60,75
S11T104,11
S92T14,92
S19T84,19
S74T52,74
S12T25,12
S38T18,38
S76T25,76
S44T2,44
S38T22,38
S32T11,32
S90T33,90
S57T4,57
S46T45,46
S78T60,78
S47T18,47
S73T56,73
S21T98,21
S11T7,11
S52T112,52
S36T72,36
S13T48,13
S1T63,1
S85T112,85
S109T88,109
S18T56,18
S42T112,42
S9T63,9
S20T6,20
S37T84,37
S79T14,79
S53T6,53
S60T3,60
S24T18,24
S71T104,71
S3T88,3
S48T7,48
S6T39,6
S37T9,37
S34T77,34
S63T18,63
S7T49,7
S47T35,47
S38T14,38
S42T33,42
S100T50,100
S33T63,33
S18T21,18
S101T52,101
S80T48,80
S64T15,64
S99T32,99
S56T50,56
S38T15,38
S48T66,48
S66T30,66
S30T80,30
S57T22,57
S33T88,33
S61T3,61
S54T16,54
S85T44,85
S69T22,69
S16T10,16
S95T25,95
S13T8,13
S17T6,17
S2T14,2
S26T5,26
S56T22,56
S12T96,12
S62T4,62
S106T50,106
S80T8,80
S93T52,93
S9T2,9
S20T66,20
S67T49,67
S40T64,40
S58T12,58
S101T20,101
S59T56,59
S84T27,84
S93T104,93
S92T66,92
S104T26,104
S99T13,99
S11T96,11
S38T49,38
S71T63,71
S11T26,11
S24T66,24
S101T33,101
S79T72,79
S94T72,94
S100T88,100
S2T104,2
S81T78,81
S10T56,10
S43T48,43
S2T25,2
S21T84,21
S83T24,83
S108T28,108
S76T3,76
S75T42,75
S70T45,70
S13T63,13
S23T112,23
S59T39,59
S16T78,16
S108T44,108
S10T39,10
S65T8,65
S31T3,31
S76T13,76
S56T52,56
S56T13,56
S34T12,34
S105T28,105
S32T72,32
S47T25,47
S64T18,64
S89T4,89
S19T48,19
S68T44,68
S74T33,74
S65T96,65
S81T84,81
S108T13,108
S95T12,95
S58T77,58
S86T21,86
S109T54,109
S27T36,27
S72T8,72
S96T104,96
S108T104,108
S27T104,27
S93T35,93
S37T15,37
S92T6,92
S40T78,40
S24T78,24
S71T26,71
S6T20,6
S14T14,14
S73T5,73
S19T80,19
S14T7,14
S42T9,42
S82T28,82
S60T28,60
S41T5,41
S106T49,106
S109T13,109
S90T96,90
S99T45,99
S98T20,98
S55T54,55
S96T8,96
S32T98,32
S73T50,73
S11T3,11
S24T88,24
S5T40,5
S96T5,96
S5T88,5
S70T1,70
S8T88,8
S32T28,32
S80T88,80
S6T18,6
S85T40,85
S79T35,79
S42T8,42
S4T28,4
S4T104,4
S95T20,95
S60T2,60
S10T48,10
S27T10,27
S25T50,25
S83T45,83
S40T1,40
S48T50,48
S35T24,35
S108T48,108
S102T98,102
S68T45,68
S16T35,16
S91T60,91
S27T39,27
S48T42,48
S57T30,57
S64T80,64
S25T66,25
S16T28,16
S45T28,45
S27T2,27
S90T84,90
S47T54,47
S99T39,99
S108T39,108
S49T4,49
S79T77,79
S42T26,42
S63T54,63
S10T63,10
S97T35,97
S63T32,63
S78T30,78
S59T15,59
S92T104,92
S67T40,67
S11T33,11
S56T42,56
S18T6,18
S84T25,84
S62T80,62
S82T54,82
S89T27,89
S29T35,29
S109T96,109
S8T66,8
S103T4,103
S105T13,105
S95T32,95
S17T1,17
S81T98,81
S40T3,40
S79T49,79
S65T15,65
S53T33,53
S92T25,92
S77T14,77
S81T72,81
S21T20,21
S14T1,14
S30T35,30
S51T4,51
S26T39,26
S59T7,59
S70T64,70
S21T4,21
S10T18,10
S92T77,92
S108T21,108
S71T66,71
S45T96,45
S53T7,53
S6T5,6
S23T56,23
S39T70,39
S69T3,69
S11T18,11
S84T63,84
S65T84,65
S15T18,15
S63T35,63
S82T6,82
S12T39,12
S11T8,11
S86T8,86
S67T48,67
S101T28,101
S18T70,18
S29T6,29
S77T39,77
S25T42,25
S17T33,17
S12T30,12
S32T40,32
S99T54,99
S94T112,94
S99T33,99
S97T45,97
S55T10,55
S55T70,55
S42T77,42
S39T98,39
S57T36,57
S101T56,101
S100T1,100
S33T64,33
S21T80,21
S94T56,94
S26T3,26
S90T36,90
S77T2,77
S51T20,51
S86T98,86
S85T64,85
S2T60,2
S105T72,105
S101T11,101
S82T65,82
S18T112,18
S32T65,32
S27T84,27
S93T9,93
S50T4,50
S38T30,38
S108T14,108
S1T77,1
S96T22,96
S102T56,102
S63T10,63
S10T35,10
S73T2,73
S44T39,44
S79T91,79
S25T4,25
S38T98,38
S8T98,8
S53T77,53
S8T65,8
S103T5,103
S53T88,53
S12T112,12
S42T40,42
S42T10,42
S91T11,91
S21T63,21
S72T15,72
S21T70,21
S85T42,85
S38T44,38
S5T1,5
S33T7,33
S83T26,83
S86T77,86
S26T84,26
S46T26,46
S80T55,80
S99T64,99
S35T27,35
S107T84,107
S8T56,8
S32T12,32
S54T32,54
S54T36,54
S55T112,55
S65T56,65
S57T55,57
S4T45,4
S107T36,107
S34T27,34
S12T64,12
S89T104,89
S39T9,39
S86T70,86
S51T15,51
S50T13,50
S100T39,100
S55T5,55
S15T12,15
S13T44,13
S12T2,12
S58T9,58
S79T84,79
S2T26,2
S3T98,3
S76T16,76
S57T64,57
S89T16,89
S18T11,18
S46T40,46
S85T48,85
S44T42,44
S9T60,9
S9T28,9
S14T96,14
S32T54,32
S30T39,30
S13T55,13
S15T4,15
S106T104,106
S90T42,90
S85T66,85
S1T96,1
S11T49,11
S82T13,82
S14T56,14
S70T8,70
S90T60,90
S31T33,31
S35T66,35
S77T11,77
S57T63,57
S29T7,29
S45T20,45
S26T50,26
S80T44,80
S43T50,43
S1T16,1
S16T12,16
S85T55,85
S108T15,108
S10T5,10
S42T28,42
S14T26,14
S38T42,38
S31T66,31
S97T77,97
S39T72,39
S1T13,1
S47T22,47
S76T64,76
S76T28,76
S51T56,51
S30T20,30
S48T80,48
S25T63,25
S20T40,20
S6T66,6
S89T33,89
S50T3,50
S34T26,34
S46T72,46
S24T33,24
S26T1,26
S83T7,83
S68T39,68
S6T40,6
S47T5,47
S60T1,60
S22T10,22
S19T52,19
S58T91,58
S13T60,13
S75T22,75
S38T33,38
S67T104,67
S9T32,9
S27T55,27
S97T70,97
S32T6,32
S30T52,30
S44T55,44
S81T28,81
S21T15,21
S99T66,99
S65T33,65
S51T28,51
S71T65,71
S37T18,37
S46T91,46
S71T52,71
S67T20,67
S77T52,77
S88T26,88
S34T50,34
S70T10,70
S91T50,91
S72T6,72
S65T30,65
S61T88,61
S70T36,70
S15T7,15
S62T48,62
S83T56,83
S72T1,72
S15T21,15
S21T13,21
S30T44,30
S89T50,89
S86T12,86
S88T21,88
S33T30,33
S25T33,25
S51T66,51
S57T39,57
S94T9,94
S11T14,11
S41T28,41
S52T49,52
S102T5,102
S52T55,52
S76T30,76
S40T88,40
S75T56,75
S97T40,97
S55T24,55
S28T10,28
S58T33,58
S15T65,15
S35T65,35
S98T54,98
S106T80,106
S54T88,54
S17T80,17
S66T63,66
S5T2,5
S41T49,41
S57T48,57
S9T42,9
S91T9,91
S27T32,27
S83T2,83
S69T9,69
S87T14,87
S98T48,98
S104T112,104
S97T50,97
S39T50,39
S17T84,17
S74T7,74
S30T54,30
S22T24,22
S88T32,88
S59T28,59
S69T2,69
S93T25,93
S69T64,69
S75T55,75
S74T10,74
S108T60,108
S99T14,99
S104T3,104
S33T45,33
S11T50,11
S74T32,74
S69T28,69
S29T70,29
S10T49,10
S86T63,86
S75T24,75
S87T50,87
S67T30,67
S105T64,105
S82T56,82
S93T27,93
S92T72,92
S69T21,69
S51T3,51
S30T16,30
S17T91,17
S78T11,78
S41T48,41
S30T28,30
S55T48,55
S26T40,26
S91T4,91
S109T78,109
S37T14,37
S15T64,15
S35T91,35
S43T49,43
S51T39,51
S26T112,26
S86T6,86
S66T72,66
S105T63,105
S73T96,73
S99T21,99
S107T27,107
S30T50,30
S19T56,19
S57T35,57
S57T44,57
S40T63,40
S87T77,87
S6T44,6
S13T4,13
S32T32,32
S67T15,67
S1T70,1
S92T52,92
S46T4,46
S58T28,58
S59T96,59
S105T32,105
S90T32,90
S35T44,35
S35T28,35
S83T80,83
S68T54,68
S60T18,60
S23T98,23
S58T63,58
S92T9,92
S93T3,93
S60T39,60
S89T45,89
S3T27,3
S51T80,51
S19T16,19
S66T22,66
S63T30,63
S6T63,6
S5T35,5
S107T11,107
S4T10,4
S27T33,27
S25T28,25
S27T20,27
S12T15,12
S105T48,105
S8T84,8
S17T72,17
S47T30,47
S86T20,86
S100T104,100
S76T32,76
S101T22,101
S4T70,4
S45T1,45
S11T64,11
S27T88,27
S9T25,9
S64T55,64
S76T20,76
S108T72,108
S46T2,46
S20T24,20
S11T60,11
S95T16,95
S102T30,102
S6T26,6
S69T33,69
S14T98,14
S64T35,64
S107T63,107
S37T8,37
S28T18,28
S76T52,76
S27T16,27
S105T15,105
S44T49,44
S70T91,70
S25T72,25
S65T91,65
S45T35,45
S5T5,5
S68T52,68
S60T98,60
S7T64,7
S44T14,44
S34T56,34
S19T11,19
S1T28,1
S109T4,109
S33T66,33
S15T30,15
S34T28,34
S106T1,106
S2T3,2
S89T14,89
S64T1,64
S36T64,36
S5T78,5
S11T27,11
S41T44,41
S20T3,20
S61T55,61
S108T112,108
S71T64,71
S26T26,26
S13T54,13
S59T10,59
S71T9,71
S93T64,93
S65T66,65
S48T84,48
S35T6,35
S93T15,93
S41T91,41
S36T84,36
S45T13,45
S73T84,73
S72T36,72
S108T11,108
S38T65,38
S34T7,34
S94T50,94
S18T52,18
S32T2,32
S8T33,8
S69T72,69
S100T78,100
S74T60,74
S64T112,64
S83T98,83
S98T78,98
S19T3,19
S65T64,65
S21T5,21
S104T13,104
S97T7,97
S45T24,45
S58T35,58
S28T16,28
S90T35,90
S62T98,62
S26T60,26
S100T27,100
S8T18,8
S86T13,86
S32T66,32
S20T55,20
S68T16,68
S65T14,65
S88T49,88
S9T65,9
S6T84,6
S43T66,43
S77T66,77
S2T10,2
S59T32,59
S3T40,3
S55T84,55
S50T15,50
S35T36,35
S28T56,28
S100T18,100
S2T9,2
S39T36,39
S87T64,87
S43T9,43
S57T77,57
S32T16,32
S26T33,26
S95T84,95
S66T25,66
S82T96,82
S20T13,20
S100T22,100
S37T25,37
S45T65,45
S39T96,39
S90T66,90
S2T65,2
S46T14,46
S60T91,60
S18T10,18
S73T88,73
S35T104,35
S34T91,34
S91T18,91
S91T52,91
S21T1,21
S19T32,19
S26T36,26
S5T25,5
S4T112,4
S103T14,103
S101T15,101
S84T45,84
S45T70,45
S90T11,90
S39T6,39
S101T72,101
S64T54,64
S78T88,78
S60T104,60
S35T13,35
S58T55,58
S55T21,55
S78T72,78
S77T6,77
S48T54,48
S109T32,109
S3T11,3
S103T20,103
S30T70,30
S21T28,21
S106T52,106
S104T42,104
S94T1,94
S67T66,67
S40T33,40
S78T2,78
S90T77,90
S51T70,51
S58T15,58
S71T8,71
S66T8,66
S72T84,72
S93T6,93
S82T25,82
S82T14,82
S109T70,109
S103T1,103
S109T20,109
S58T7,58
S87T10,87
S67T26,67
S60T72,60
S100T54,100
S3T63,3
S75T20,75
S29T78,29
S91T36,91
S31T20,31
S20T56,20
S50T70,50
S78T1,78
S4T32,4
S41T45,41
S59T98,59
S24T50,24
S99T16,99
S64T98,64
S34T84,34
S41T22,41
S87T36,87
S74T18,74
S6T72,6
S10T27,10
S89T56,89
S86T88,86
S10T24,10
S48T45,48
S57T84,57
S97T63,97
S1T12,1
S33T21,33
S70T52,70
S93T70,93
S54T72,54
S19T42,19
S105T16,105
S102T64,102
S79T32,79
S41T60,41
S97T30,97
S51T21,51
S24T52,24
S30T7,30
S64T70,64
S92T45,92
S49T45,49
S104T48,104
S74T9,74
S71T1,71
S39T8,39
S46T25,46
S8T36,8
S17T50,17
S59T13,59
S108T42,108
S62T63,62
S18T8,18
S50T91,50
S50T60,50
S85T104,85
S109T16,109
S96T40,96
S56T3,56
S81T3,81
S43T22,43
S88T16,88
S90T44,90
S50T2,50
S49T70,49
S80T50,80
S93T12,93
S38T48,38
S91T15,91
S36T18,36
S40T28,40
S69T26,69
S10T14,10
S74T66,74
S95T26,95
S59T42,59
S58T70,58
S62T9,62
S23T77,23
S108T4,108
S57T25,57
S62T72,62
S94T3,94
S106T78,106
S105T45,105
S61T18,61
S88T78,88
S23T88,23
S42T1,42
S7T14,7
S33T32,33
S96T36,96
S56T28,56
S37T36,37
S33T24,33
S28T39,28
S92T21,92
S57T88,57
S59T72,59
S100T80,100
S69T5,69
S7T30,7
S60T10,60
S45T78,45
S72T77,72
S66T28,66
S71T18,71
S94T26,94
S8T1,8
S23T35,23
S2T56,2
S70T16,70
S2T52,2
S88T60,88
S12T66,12
S3T2,3
S48T22,48
S60T70,60
S80T18,80
S19T60,19
S48T77,48
S73T60,73
S85T56,85
S40T80,40
S77T78,77
S40T91,40
S3T72,3
S15T9,15
S64T60,64
S14T84,14
S31T4,31
S75T12,75
S16T25,16
S29T10,29
S52T25,52
S6T30,6
S51T45,51
S44T78,44
S20T14,20
S53T13,53
S33T98,33
S34T35,34
S31T24,31
S5T39,5
S47T16,47
S108T18,108
S91T10,91
S44T32,44
S103T18,103
S85T14,85
S98T6,98
S13T30,13
S67T16,67
S89T11,89
S92T18,92
S98T60,98
S40T60,40
S95T22,95
S61T13,61
S13T14,13
S46T55,46
S101T9,101
S18T33,18
S66T18,66
S61T39,61
S109T52,109
S63T11,63
S44T8,44
S101T18,101
S92T20,92
S32T14,32
S106T15,106
S57T45,57
S78T6,78
S85T27,85
S44T63,44
S50T25,50
S104T20,104
S102T12,102
S10T66,10
S102T91,102
S19T13,19
S102T63,102
S79T48,79
S60T14,60
S72T44,72
S45T54,45
S30T5,30
S16T64,16
S79T27,79
S77T20,77
S13T21,13
S64T78,64
S41T78,41
S15T91,15
S7T45,7
S77T84,77
S14T65,14
S31T26,31
S68T56,68
S64T16,64
S106T39,106
S63T21,63
S64T52,64
S94T66,94
S59T24,59
S59T50,59
S63T16,63
S75T54,75
S30T24,30
S101T10,101
S10T72,10
S103T77,103
S39T112,39
S105T77,105
S53T14,53
S72T45,72
S19T22,19
S66T64,66
S58T8,58
S34T22,34
S38T10,38
S65T4,65
S13T88,13
S8T27,8
S96T16,96
S69T32,69
S105T91,105
S39T20,39
S42T14,42
S76T5,76
S21T36,21
S63T3,63
S67T45,67
S91T12,91
S63T64,63
S35T39,35
S60T49,60
S88T3,88
S92T50,92
S50T55,50
S106T112,106
S13T84,13
S87T44,87
S60T27,60
S26T56,26
S2T55,2
S58T54,58
S66T50,66
S109T40,109
S96T50,96
S90T21,90
S103T36,103
S2T30,2
S48T26,48
S22T91,22
S2T40,2
S27T54,27
S54T7,54
S100T28,100
S62T88,62
S40T70,40
S32T49,32
S28T26,28
S11T66,11
S66T104,66
S108T9,108
S40T48,40
S75T112,75
S35T32,35
S36T4,36
S80T9,80
S100T49,100
S95T5,95
S41T55,41
S2T18,2
S2T91,2
S57T80,57
S90T13,90
S18T64,18
S85T22,85
S40T8,40
S49T33,49
S60T88,60
S98T25,98
S100T55,100
S96T14,96
S88T77,88
S49T24,49
S56T10,56
S106T2,106
S66T10,66
S31T6,31
S24T48,24
S54T21,54
S48T33,48
S38T52,38
S42T50,42
S81T112,81
S90T6,90
S73T72,73
S97T64,97
S109T30,109
S67T44,67
S53T15,53
S65T88,65
S67T32,67
S39T21,39
S15T6,15
S105T27,105
S67T88,67
S66T6,66
S74T42,74
S31T9,31
S106T88,106
S7T27,7
S42T88,42
S88T11,88
S10T64,10
S87T32,87
S57T24,57
S103T91,103
S45T33,45
S71T22,71
S100T48,100
S47T49,47
S19T7,19
S90T1,90
S88T66,88
S16T88,16
S100T33,100
S25T25,25
S24T49,24
S30T4,30
S23T1,23
S109T39,109
S28T96,28
S97T78,97
S29T22,29
S93T48,93
S12T42,12
S18T5,18
S43T14,43
S52T20,52
S48T44,48
S72T66,72
S36T30,36
S16T98,16
S64T24,64
S79T60,79
S60T44,60
S109T14,109
S57T50,57
S10T60,10
S58T48,58
S34T18,34
S48T2,48
S26T104,26
S42T4,42
S75T104,75
S53T78,53
S62T1,62
S54T15,54
S4T63,4
S16T52,16
S94T84,94
S91T22,91
S27T14,27
S103T54,103
S42T2,42
S8T13,8
S65T112,65
S69T40,69
S98T14,98
S41T12,41
S4T30,4
S17T7,17
S17T13,17
S83T54,83
S27T1,27
S22T8,22
S30T60,30
S55T15,55
S97T20,97
S58T2,58
S44T21,44
S100T63,100
S68T65,68
S53T65,53
S36T55,36
S47T33,47
S27T24,27
S102T66,102
S95T40,95
S24T11,24
S26T45,26
S72T104,72
S72T64,72
S42T91,42
S17T98,17
S94T25,94
S1T64,1
S79T7,79
S14T52,14
S91T44,91
S55T60,55
S96T45,96
S5T9,5
S52T42,52
S53T64,53
S97T11,97
S60T55,60
S68T98,68
S19T40,19
S25T6,25
S55T40,55
S95T1,95
S88T80,88
S107T7,107
S86T44,86
S90T54,90
S6T70,6
S11T30,11
S72T60,72
S75T45,75
S7T98,7
S98T77,98
S38T26,38
S4T39,4
S56T112,56
S85T52,85
S24T45,24
S59T27,59
S105T35,105
S18T45,18
S92T56,92
S34T2,34
S78T52,78
S58T66,58
S67T72,67
S57T52,57
S108T84,108
S31T65,31
S30T10,30
S68T27,68
S65T16,65
S55T9,55
S81T56,81
S44T36,44
S59T25,59
S97T14,97
S96T35,96
S104T55,104
S86T45,86
S74T30,74
S16T48,16
S101T24,101
S49T9,49
S35T56,35
S27T9,27
S25T64,25
S92T65,92
S54T18,54
S81T4,81
S3T35,3
S105T14,105
S104T44,104
S33T50,33
S36T27,36
S16T80,16
S26T54,26
S79T22,79
S8T64,8
S11T70,11
S43T3,43
S63T12,63
S57T13,57
S22T26,22
S70T7,70
S47T1,47
S56T12,56
S66T24,66
S88T9,88
S12T80,12
S89T88,89
S29T50,29
S10T28,10
S46T18,46
S103T22,103
S61T42,61
S9T48,9
S4T21,4
S23T50,23
S21T24,21
S76T7,76
S38T70,38
S109T112,109
S82T49,82
S77T24,77
S47T8,47
S11T13,11
S94T33,94
S65T98,65
S4T9,4
S101T40,101
S29T39,29
S72T78,72
S31T11,31
S68T11,68
S92T48,92
S25T39,25
S3T26,3
S102T14,102
S5T18,5
S15T35,15
S25T13,25
S17T35,17
S43T28,43
S35T18,35
S18T36,18
S101T4,101
S101T35,101
S89T112,89
S96T26,96
S74T3,74
S48T25,48
S103T3,103
S107T14,107
S37T28,37
S52T63,52
S34T65,34
S27T11,27
S52T35,52
S15T104,15
S28T104,28
S77T88,77
S69T16,69
S105T70,105
S91T27,91
S89T9,89
S45T91,45
S42T49,42
S66T33,66
S33T52,33
S58T52,58
S86T9,86
S103T50,103
S57T12,57
S23T7,23
S49T40,49
S101T104,101
S15T44,15
S10T1,10
S91T80,91
S52T72,52
S88T8,88
S3T1,3
S34T45,34
S32T27,32
S43T104,43
S106T45,106
S67T64,67
S68T91,68
S43T60,43
S100T91,100
S39T48,39
S1T112,1
S33T60,33
S96T20,96
S11T52,11
S23T80,23
S4T15,4
S22T72,22
S37T52,37
S108T16,108
S23T96,23
S36T39,36
S36T32,36
S40T49,40
S67T7,67
S42T11,42
S5T15,5
S79T2,79
S45T8,45
S47T32,47
S80T25,80
S49T27,49
S75T96,75
S54T30,54
S94T36,94
S55T44,55
S36T6,36
S22T7,22
S43T42,43
S85T15,85
S79T11,79
S67T4,67
S79T40,79
S106T40,106
S43T10,43
S98T88,98
S89T60,89
S94T52,94
S39T3,39
S75T4,75
S22T112,22
S60T96,60
S87T9,87
S63T25,63
S43T26,43
S21T2,21
S16T8,16
S39T65,39
S44T26,44
S13T64,13
S37T44,37
S55T20,55
S85T7,85
S32T44,32
S94T42,94
S12T28,12
S108T25,108
S43T24,43
S47T63,47
S5T44,5
S9T26,9
S91T63,91
S4T8,4
S3T8,3
S81T54,81
S50T49,50
S33T42,33
S51T96,51
S91T91,91
S83T18,83
S78T33,78
S79T80,79
S44T56,44
S78T15,78
S67T3,67
S102T48,102
S69T20,69
S54T64,54
S5T84,5
S80T70,80
S40T44,40
S100T5,100
S98T36,98
S25T30,25
S38T4,38
S91T77,91
S4T4,4
S97T28,97
S46T28,46
S83T39,83
S52T77,52
S10T84,10
S10T52,10
S43T84,43
S103T88,103
S63T48,63
S61T50,61
S105T6,105
S109T28,109
S36T35,36
S44T112,44
S18T13,18
S42T84,42
S74T78,74
S32T21,32
S104T21,104
S108T77,108
S63T5,63
S61T91,61
S21T104,21
S62T32,62
S39T15,39
S72T56,72
S104T1,104
S54T98,54
S74T77,74
S52T28,52
S56T1,56
S56T33,56
S42T25,42
S65T27,65
S6T42,6
S31T7,31
S6T50,6
S101T96,101
S3T24,3
S1T32,1
S98T44,98
S102T65,102
S106T22,106
S98T66,98
S35T3,35
S13T112,13
S33T72,33
S95T33,95
S5T8,5
S46T50,46
S73T36,73
S50T33,50
S65T13,65
S97T4,97
S41T11,41
S109T12,109
S31T12,31
S75T65,75
S98T65,98
S48T64,48
S47T21,47
S17T70,17
S12T50,12
S80T45,80
S39T2,39
S68T50,68
S30T9,30
S7T52,7
S24T5,24
S57T104,57
S89T55,89
S50T26,50
S33T15,33
S35T4,35
S107T78,107
S72T88,72
S18T14,18
S10T7,10
S71T70,71
S44T3,44
S23T28,23
S82T11,82
S76T4,76
S55T11,55
S86T3,86
S40T72,40
S69T35,69
S3T36,3
S16T50,16
S108T22,108
S98T1,98
S12T10,12
S11T4,11
S1T49,1
S7T60,7
S83T30,83
S48T112,48
S13T40,13
S7T8,7
S24T55,24
S19T112,19
S48T9,48
S33T8,33
S19T4,19
S23T24,23
S2T50,2
S54T91,54
S45T2,45
S2T22,2
S90T112,90
S83T14,83
S91T55,91
S11T42,11
S83T88,83
S97T32,97
S37T21,37
S47T65,47
S79T1,79
S20T1,20
S63T66,63
S27T50,27
S28T80,28
S102T2,102
S104T64,104
S62T65,62
S13T20,13
S77T80,77
S37T77,37
S33T40,33
S75T30,75
S33T65,33
S46T98,46
S14T28,14
S14T4,14
S34T112,34
S52T65,52
S94T91,94
S73T25,73
S80T42,80
S21T55,21
S47T7,47
S104T96,104
S89T49,89
S90T91,90
S6T13,6
S66T11,66
S106T8,106
S69T112,69
S7T26,7
S1T65,1
S46T48,46
S49T25,49
S92T49,92
S7T9,7
S29T11,29
S57T65,57
S47T70,47
S21T9,21
S66T54,66
S13T104,13
S82T77,82
S43T20,43
S78T64,78
S69T39,69
S51T14,51
S44T22,44
S83T55,83
S98T42,98
S15T33,15
S109T21,109
S46T33,46
S96T48,96
S35T63,35
S21T52,21
S85T10,85
S73T16,73
S101T70,101
S27T65,27
S58T49,58
S87T8,87
S80T66,80
S88T25,88
S67T12,67
S86T55,86
S59T66,59
S43T6,43
S33T2,33
S101T39,101
S44T13,44
S84T11,84
S74T70,74
S31T104,31
S66T26,66
S50T50,50
S58T64,58
S17T3,17
S50T20,50
S65T21,65
S13T33,13
S71T44,71
S8T22,8
S10T12,10
S84T33,84
S82T52,82
S80T4,80
S13T52,13
S15T112,15
S92T28,92
S23T44,23
S3T13,3
S91T65,91
S71T112,71
S99T52,99
S77T15,77
S13T91,13
S63T40,63
S102T6,102
S79T10,79
S42T70,42
S13T72,13
S88T20,88
S101T64,101
S31T36,31
S26T42,26
S68T28,68
S44T72,44
S29T36,29
S52T91,52
S84T3,84
S22T104,22
S74T2,74
S31T14,31
S69T78,69
S98T4,98
S87T104,87
S95T63,95
S92T26,92
S81T35,81
S1T44,1
S8T6,8
S22T11,22
S89T48,89
S58T78,58
S107T20,107
S90T48,90
S104T5,104
S85T24,85
S57T54,57
S70T32,70
S16T24,16
S85T80,85
S56T35,56
S32T1,32
S86T50,86
S87T6,87
S92T2,92
S19T35,19
S58T60,58
S34T40,34
S68T3,68
S73T18,73
S74T104,74
S92T63,92
S8T35,8
S52T33,52
S107T21,107
S97T39,97
S52T70,52
S39T54,39
S75T35,75
S11T45,11
S19T55,19
S23T48,23
S18T65,18
S82T15,82
S36T2,36
S106T35,106
S103T98,103
S17T11,17
S16T1,16
S100T72,100
S41T70,41
S3T91,3
S37T63,37
S36T14,36
S48T8,48
S31T78,31
S104T30,104
S86T5,86
S21T3,21
S35T22,35
S19T45,19
S33T20,33
S60T7,60
S68T84,68
S84T20,84
S49T84,49
S97T3,97
S108T40,108
S95T10,95
S83T25,83
S25T22,25
S23T25,23
S98T63,98
S18T54,18
S18T15,18
S101T66,101
S84T84,84
S3T45,3
S70T65,70
S4T55,4
S39T35,39
S89T64,89
S77T45,77
S78T112,78
S78T45,78
S26T96,26
S82T88,82
S77T22,77
S8T77,8
S103T60,103
S2T64,2
S50T54,50
S54T112,54
S28T77,28
S103T39,103
S44T48,44
S44T77,44
S71T54,71
S94T15,94
S6T3,6
S71T24,71
S17T25,17
S76T112,76
S49T6,49
S67T18,67
S72T40,72
S84T8,84
S83T78,83
S28T9,28
S79T63,79
S29T45,29
S77T25,77
S51T9,51
S76T66,76
S44T33,44
S10T13,10
S78T8,78
S93T30,93
S35T96,35
S97T104,97
S109T25,109
S20T50,20
S2T16,2
S51T13,51
S75T64,75
S88T44,88
S45T5,45
S11T36,11
S37T3,37
S53T36,53
S106T77,106
S109T55,109
S61T7,61
S29T72,29
S91T40,91
S25T84,25
S15T13,15
S89T2,89
S40T25,40
S108T63,108
S8T112,8
S4T33,4
S97T56,97
S45T27,45
S18T7,18
S24T96,24
S87T39,87
S7T50,7
S29T1,29
S95T72,95
S79T50,79
S21T42,21
S43T77,43
S36T54,36
S12T7,12
S37T65,37
S22T84,22
S8T48,8
S3T20,3
S50T24,50
S3T112,3
S103T55,103
S62T30,62
S9T18,9
S64T56,64
S105T36,105
S40T15,40
S80T28,80
S109T66,109
S11T22,11
S78T55,78
S54T9,54
S13T3,13
S40T45,40
S88T54,88
S6T1,6
S89T91,89
S33T22,33
S79T66,79
S57T20,57
S22T88,22
S71T88,71
S11T2,11
S25T88,25
S89T8,89
S54T24,54
S96T91,96
S94T24,94
S73T20,73
S26T98,26
S53T56,53
S47T56,47
S7T20,7
S91T6,91
S59T21,59
S29T42,29
S7T56,7
S80T10,80
S23T65,23
S55T3,55
S34T30,34
S84T52,84
S52T18,52
S72T55,72
S19T88,19
S16T91,16
S77T8,77
S98T104,98
S95T50,95
S28T91,28
S1T21,1
S27T35,27
S61T66,61
S85T3,85
S18T80,18
S15T84,15
S46T12,46
S36T1,36
S80T36,80
S84T39,84
S94T28,94
S24T98,24
S5T70,5
S92T39,92
S72T13,72
S109T45,109
S44T28,44
S67T22,67
S104T56,104
S94T77,94
S59T4,59
S43T70,43
S109T64,109
S36T70,36
S78T7,78
S65T55,65
S80T26,80
S100T64,100
S30T30,30
S92T42,92
S102T27,102
S56T2,56
S21T54,21
S39T39,39
S82T16,82
S68T18,68
S36T13,36
S82T70,82
S10T50,10
S46T54,46
S29T28,29
S95T9,95
S66T77,66
S46T27,46
S95T45,95
S36T25,36
S67T96,67
S47T50,47
S78T5,78
S53T54,53
S69T12,69
S10T91,10
S5T11,5
S92T22,92
S73T77,73
S70T112,70
S106T54,106
S73T28,73
S107T10,107
S50T64,50
S55T14,55
S68T70,68
S95T55,95
S46T49,46
S48T6,48
S68T13,68
S70T35,70
S52T84,52
S1T45,1
S23T15,23
S70T77,70
S16T54,16
S38T5,38
S5T20,5
S105T104,105
S99T96,99
S17T4,17
S40T4,40
S17T2,17
S96T30,96
S66T60,66
S87T28,87
S109T80,109
S37T91,37
S62T13,62
S75T16,75
S93T44,93
S44T98,44
S71T45,71
S38T91,38
S109T2,109
S19T12,19
S72T12,72
S19T20,19
S48T60,48
S22T35,22
S37T98,37
S32T4,32
S71T77,71
S90T80,90
S43T80,43
S99T70,99
S28T28,28
S58T10,58
S85T91,85
S86T22,86
S88T56,88
S73T65,73
S32T8,32
S76T8,76
S105T26,105
S102T84,102
S87T26,87
S72T14,72
S54T4,54
S52T11,52
S74T36,74
S23T64,23
S19T96,19
S31T30,31
S9T49,9
S81T11,81
S30T8,30
S106T44,106
S87T52,87
S49T54,49
S9T50,9
S19T66,19
S83T63,83
S85T50,85
S59T1,59
S93T84,93
S78T56,78
S53T48,53
S19T50,19
S39T88,39
S20T91,20
S99T11,99
S102T45,102
S74T44,74
S101T8,101
S47T104,47
S20T7,20
S16T5,16
S48T20,48
S33T16,33
S7T80,7
S92T54,92
S102T4,102
S104T50,104
S44T54,44
S32T64,32
S88T22,88
S28T32,28
S67T65,67
S55T65,55
S13T1,13
S9T33,9
S5T6,5
S55T55,55
S103T96,103
S18T78,18
S51T55,51
S54T52,54
S65T45,65
S90T5,90
S35T88,35
S55T18,55
S29T55,29
S65T25,65
S60T8,60
S52T26,52
S27T26,27
S73T9,73
S2T84,2
S19T6,19
S90T10,90
S63T7,63
S36T104,36
S51T63,51
S96T88,96
S35T112,35
S49T8,49
S50T9,50
S23T10,23
S7T25,7
S62T49,62
S49T15,49
S55T104,55
S11T98,11
S28T24,28
S9T14,9
S81T40,81
S77T44,77
S46T22,46
S74T11,74
S37T112,37
S28T66,28
S81T6,81
S3T80,3
S7T39,7
S10T9,10
S49T18,49
S96T112,96
S87T25,87
S80T33,80
S51T33,51
S105T4,105
S70T48,70
S29T33,29
S79T64,79
S62T24,62
S23T32,23
S27T60,27
S6T64,6
S7T5,7
S102T33,102
S24T12,24
S49T5,49
S39T77,39
S18T88,18
S45T88,45
S50T30,50
S20T44,20
S8T8,8
S47T112,47
S97T36,97
S15T40,15
S9T54,9
S20T16,20
S65T78,65
S63T45,63
S32T56,32
S98T10,98
S28T36,28
S73T30,73
S63T52,63
S33T5,33
S15T63,15
S87T30,87
S4T35,4
S8T14,8
S4T2,4
S73T48,73
S91T25,91
S71T72,71
S28T49,28
S71T4,71
S14T12,14
S76T27,76
S78T98,78
S50T104,50
S109T104,109
S22T18,22
S76T88,76
S8T63,8
S17T9,17
S56T9,56
S20T21,20
S24T64,24
S66T70,66
S33T70,33
S108T20,108
S2T112,2
S66T112,66
S93T91,93
S9T36,9
S64T7,64
S75T63,75
S49T78,49
S66T32,66
S80T21,80
S73T104,73
S75T11,75
S94T78,94
S42T42,42
S17T104,17
S37T16,37
S99T84,99
S11T15,11
S107T13,107
S94T96,94
S26T6,26
S48T1,48
S102T36,102
S17T40,17
S57T96,57
S76T78,76
S12T44,12
S90T7,90
S74T14,74
S66T7,66
S30T48,30
S88T70,88
S93T72,93
S46T30,46
S79T25,79
S57T66,57
S84T64,84
S12T27,12
S24T26,24
S9T45,9
S2T88,2
S31T13,31
S76T60,76
S66T56,66
S54T39,54
S12T3,12
S50T98,50
S19T78,19
S55T22,55
S1T54,1
S39T5,39
S70T80,70
S54T1,54
S62T39,62
S70T98,70
S66T36,66
S92T112,92
S31T40,31
S78T49,78
S59T49,59
S23T70,23
S107T48,107
S104T12,104
S63T14,63
S80T14,80
S25T9,25
S43T13,43
S82T10,82
S65T104,65
S99T4,99
S73T45,73
S45T3,45
S73T49,73
S81T60,81
S84T91,84
S56T65,56
S1T20,1
S6T80,6
S87T63,87
S58T16,58
S76T14,76
S48T5,48
S51T10,51
S83T91,83
S52T8,52
S53T18,53
S32T13,32
S43T91,43
S70T70,70
S104T10,104
S12T16,12
S67T14,67
S97T22,97
S11T10,11
S93T33,93
S42T24,42
S56T80,56
S52T6,52
S87T1,87
S107T28,107
S7T12,7
S25T26,25
S108T36,108
S30T49,30
S91T45,91
S10T6,10
S28T64,28
S90T88,90
S87T40,87
S25T36,25
S38T3,38
S95T28,95
S81T96,81
S90T78,90
S83T66,83
S28T48,28
S91T70,91
S53T21,53
S36T11,36
S27T12,27
S60T60,60
S52T98,52
S24T7,24
S59T63,59
S71T98,71
S103T45,103
S28T42,28
S2T72,2
S29T16,29
S11T55,11
S34T80,34
S96T3,96
S90T40,90
S5T54,5
S84T98,84
S59T12,59
S44T12,44
S34T72,34
S16T2,16
S41T15,41
S104T15,104
S37T104,37
S50T14,50
S45T72,45
S75T84,75
S61T52,61
S47T48,47
S14T112,14
S84T56,84
S23T78,23
S26T66,26
S7T91,7
S45T4,45
S80T77,80
S61T45,61
S62T10,62
S13T45,13
S84T12,84
S70T49,70
S86T80,86
S33T49,33
S64T104,64
S94T21,94
S5T66,5
S79T20,79
S69T49,69
S10T11,10
S32T9,32
S23T104,23
S35T8,35
S62T12,62
S63T98,63
S92T4,92
S81T63,81
S91T98,91
S26T9,26
S82T78,82
S16T22,16
S88T15,88
S42T55,42
S78T65,78
S51T65,51
S56T24,56
S53T11,53
S44T16,44
S93T77,93
S13T13,13
S80T54,80
S14T45,14
S53T55,53
S87T13,87
S79T6,79
S42T44,42
S94T40,94
S6T36,6
S60T52,60
S78T96,78
S1T42,1
S9T80,9
S58T40,58
S98T96,98
S63T84,63
S100T20,100
S54T80,54
S9T70,9
S16T33,16
S41T16,41
S81T42,81
S44T104,44
S97T91,97
S104T88,104
S66T98,66
S79T13,79
S6T98,6
S58T88,58
S16T77,16
S7T104,7
S53T98,53
S6T4,6
S71T96,71
S84T48,84
S53T30,53
S11T16,11
S26T2,26
S87T12,87
S34T42,34
S34T15,34
S17T39,17
S31T25,31
S105T56,105
S48T13,48
S109T48,109
S93T24,93
S57T21,57
S101T98,101
S44T27,44
S30T91,30
S107T50,107
S49T55,49
S42T60,42
S101T2,101
S63T33,63
S104T18,104
S18T27,18
S12T8,12
S57T16,57
S29T13,29
S9T8,9
S34T9,34
S30T21,30
S66T3,66
S74T65,74
S38T13,38
S94T27,94
S98T52,98
S85T32,85
S32T35,32
S86T39,86
S34T8,34
S91T24,91
S7T70,7
S41T104,41
S49T13,49
S39T91,39
S3T65,3
S69T11,69
S1T91,1
S49T63,49
S30T40,30
S73T4,73
S65T22,65
S77T27,77
S94T18,94
S13T15,13
S80T20,80
S71T56,71
S19T91,19
S38T1,38
S60T5,60
S32T77,32
S1T1,1
S106T36,106
S17T20,17
S81T13,81
S16T18,16
S8T12,8
S91T21,91
S99T1,99
S63T20,63
S18T49,18
S68T104,68
S94T13,94
S67T84,67
S104T49,104
S42T56,42
S60T4,60
S37T72,37
S20T104,20
S94T48,94
S51T30,51
S62T104,62
S59T55,59
S71T78,71
S51T72,51
S94T11,94
S64T14,64
S43T63,43
S61T80,61
S75T1,75
S73T1,73
S57T18,57
S30T88,30
S72T50,72
S68T7,68
S7T72,7
S69T48,69
S24T28,24
S61T8,61
S11T12,11
S44T45,44
S86T36,86
S1T10,1
S46T112,46
S70T26,70
S63T9,63
S30T98,30
S21T27,21
S42T30,42
S84T35,84
S96T11,96
S87T4,87
S70T30,70
S52T2,52
S9T6,9
S76T98,76
S28T1,28
S50T88,50
S102T52,102
S72T91,72
S4T13,4
S49T36,49
S65T32,65
S73T15,73
S46T77,46
S85T65,85
S79T15,79
S2T49,2
S76T49,76
S44T24,44
S49T72,49
S51T64,51
S94T98,94
S83T28,83
S24T20,24
S32T5,32
S8T44,8
S43T54,43
S65T40,65
S29T21,29
S29T77,29
S93T8,93
S103T33,103
S103T21,103
S39T45,39
S48T10,48
S25T8,25
S52T78,52
S66T4,66
S36T15,36
S8T39,8
S28T7,28
S49T49,49
S22T36,22
S8T9,8
S74T54,74
S92T8,92
S2T70,2
S19T21,19
S47T10,47
S52T24,52
S13T16,13
S77T5,77
S18T66,18
S52T13,52
S100T8,100
S49T50,49
S6T2,6
S57T15,57
S41T4,41
S95T6,95
S7T112,7
S54T35,54
S66T80,66
S34T24,34
S37T11,37
S81T14,81
S6T21,6
S69T4,69
S29T84,29
S29T26,29
S20T11,20
S39T10,39
S55T35,55
S107T55,107
S53T60,53
S108T55,108
S38T45,38
S9T96,9
S39T13,39
S59T104,59
S37T2,37
S14T88,14
S8T28,8
S5T96,5
S58T65,58
S34T70,34
S28T14,28
S93T60,93
S37T32,37
S76T72,76
S65T20,65
S91T33,91
S87T66,87
S50T80,50
S43T65,43
S107T80,107
S88T6,88
S1T26,1
S18T16,18
S79T78,79
S106T65,106
S34T60,34
S83T22,83
S91T96,91
S2T42,2
S83T32,83
S92T12,92
S70T84,70
S55T88,55
S13T77,13
S89T80,89
S96T1,96
S37T7,37
S72T112,72
S62T21,62
S81T18,81
S76T36,76
S17T49,17
S73T22,73
S109T18,109
S103T26,103
S95T54,95
S91T64,91
S48T14,48
S35T30,35
S31T48,31
S25T77,25
S5T36,5
S9T44,9
S88T63,88
S109T35,109
S14T8,14
S107T6,107
S5T3,5
S109T77,109
S56T6,56
S89T35,89
S78T54,78
S106T10,106
S81T50,81
S95T98,95
S95T27,95
S41T30,41
S38T12,38
S80T63,80
S42T98,42
S7T65,7
S41T25,41
S42T45,42
S74T88,74
S74T26,74
S40T12,40
S50T35,50
S41T35,41
S82T5,82
S10T32,10
S33T55,33
S65T24,65
S109T24,109
S101T65,101
S33T112,33
S57T70,57
S5T10,5
S92T96,92
S69T7,69
S28T6,28
S100T98,100
S24T56,24
S10T88,10
S45T15,45
S4T65,4
S53T20,53
S4T24,4
S67T1,67
S96T27,96
S8T15,8
S76T56,76
S63T8,63
S22T4,22
S78T25,78
S69T55,69
S101T12,101
S2T48,2
S95T60,95
S16T72,16
S32T36,32
S44T70,44
S56T63,56
S84T16,84
S33T28,33
S84T13,84
S23T42,23
S8T45,8
S25T104,25
S19T27,19
S33T33,33
S104T78,104
S29T48,29
S52T39,52
S60T26,60
S18T20,18
S14T20,14
S43T96,43
S58T72,58
S82T35,82
S97T12,97
S85T78,85
S87T96,87
S106T33,106
S62T3,62
S56T72,56
S77T10,77
S18T42,18
S60T54,60
S44T9,44
S79T112,79
S66T12,66
S63T22,63
S6T25,6
S33T4,33
S33T13,33
S107T9,107
S8T60,8
S26T52,26
S54T25,54
S43T55,43
S10T65,10
S105T11,105
S19T70,19
S36T60,36
S104T16,104
S15T78,15
S27T4,27
S45T48,45
S38T60,38
S62T54,62
S75T44,75
S51T49,51
S17T24,17
S51T88,51
S24T80,24
S80T56,80
S82T66,82
S60T30,60
S59T26,59
S62T2,62
S54T63,54
S78T32,78
S62T52,62
S73T66,73
S5T12,5
S73T52,73
S89T21,89
S20T20,20
S5T60,5
S24T54,24
S83T44,83
S79T3,79
S55T91,55
S42T39,42
S6T10,6
S85T45,85
S5T63,5
S7T40,7
S10T30,10
S80T104,80
S87T7,87
S34T48,34
S104T24,104
S52T56,52
S29T96,29
S65T1,65
S37T64,37
S93T56,93
S23T16,23
S13T56,13
S93T11,93
S43T2,43
S79T21,79
S78T70,78
S23T60,23
S45T32,45
S104T72,104
S62T26,62
S42T36,42
S57T72,57
S2T39,2
S20T54,20
S74T27,74
S32T30,32
S50T11,50
S102T20,102
S25T7,25
S80T32,80
S1T5,1
S30T1,30
S81T8,81
S104T25,104
S94T39,94
S22T96,22
S65T11,65
S2T80,2
S80T72,80
S84T4,84
S10T55,10
S53T5,53
S73T6,73
S81T36,81
S43T39,43
S87T24,87
S104T2,104
S59T8,59
S30T13,30
S48T63,48
S11T25,11
S4T18,4
S42T13,42
S104T7,104
S13T49,13
S52T21,52
S15T88,15
S19T8,19
S21T88,21
S4T16,4
S39T60,39
S90T72,90
S98T18,98
S52T7,52
S32T15,32
S24T112,24
S83T5,83
S60T20,60
S97T33,97
S89T65,89
S67T21,67
S44T5,44
S75T50,75
S109T72,109
S4T42,4
S77T49,77
S2T15,2
S22T56,22
S16T44,16
S26T18,26
S49T52,49
S20T36,20
S54T33,54
S74T4,74
S58T80,58
S5T33,5
S62T66,62
S86T32,86
S36T42,36
S24T2,24
S60T15,60
S108T1,108
S99T42,99
S70T3,70
S39T22,39
S34T98,34
S14T66,14
S35T42,35
S2T4,2
S23T3,23
S106T3,106
S79T33,79
S63T44,63
S21T35,21
S44T84,44
S49T42,49
S4T36,4
S34T10,34
S105T25,105
S10T26,10
S107T104,107
S101T25,101
S66T84,66
S57T2,57
S94T70,94
S63T36,63
S64T36,64
S91T30,91
S89T39,89
S21T30,21
S81T80,81
S18T30,18
S102T3,102
S12T56,12
S24T77,24
S49T14,49
S56T54,56
S96T52,96
S104T33,104
S27T63,27
S90T26,90
S35T35,35
S90T15,90
S48T88,48
S44T30,44
S104T45,104
S101T5,101
S63T77,63
S76T70,76
S1T6,1
S54T20,54
S95T18,95
S106T56,106
S109T26,109
S16T15,16
S26T10,26
S69T18,69
S43T18,43
S25T2,25
S57T3,57
S93T112,93
S64T21,64
S22T22,22
S73T64,73
S78T9,78
S33T78,33
S28T30,28
S28T65,28
S13T65,13
S82T72,82
S79T28,79
S40T13,40
S15T16,15
S69T24,69
S103T42,103
S66T48,66
S88T104,88
S32T52,32
S20T18,20
S8T96,8
S84T42,84
S85T26,85
S99T30,99
S8T3,8
S10T33,10
S2T8,2
S73T3,73
S106T26,106
S36T80,36
S14T16,14
S16T49,16
S37T40,37
S20T88,20
S48T40,48
S20T33,20
S25T55,25
S17T55,17
S31T28,31
S108T64,108
S31T55,31
S82T84,82
S102T22,102
S39T40,39
S81T49,81
S9T112,9
S12T84,12
S82T80,82
S97T112,97
S85T98,85
S36T96,36
S61T16,61
S30T27,30
S76T40,76
S62T14,62
S56T91,56
S4T48,4
S72T33,72
S104T28,104
S84T88,84
S53T63,53
S36T8,36
S36T44,36
S99T3,99
S103T24,103
S49T44,49
S90T39,90
S10T78,10
S19T54,19
S28T55,28
S101T63,101
S64T72,64
S56T84,56
S54T70,54
S77T30,77
S11T72,11
S59T22,59
S98T70,98
S93T49,93
S87T54,87
S1T48,1
S102T8,102
S84T44,84
S50T1,50
S49T56,49
S31T80,31
S86T33,86
S103T112,103
S74T12,74
S81T55,81
S41T80,41
S79T96,79
S64T8,64
S79T56,79
S43T45,43
S50T48,50
S66T16,66
S89T26,89
S67T60,67
S31T98,31
S98T7,98
S20T49,20
S15T20,15
S87T70,87
S98T2,98
S78T77,78
S76T54,76
S48T3,48
S99T60,99
S26T8,26
S31T45,31
S84T30,84
S49T3,49
S3T84,3
S71T28,71
S27T72,27
S77T7,77
S11T39,11
S11T28,11
S65T9,65
S17T88,17
S101T27,101
S8T2,8
S55T63,55
S52T32,52
S62T15,62
S92T3,92
S42T6,42
S104T35,104
S104T22,104
S53T4,53
S18T12,18
S89T32,89
S101T44,101
S82T26,82
S68T96,68
S71T39,71
S99T35,99
S66T14,66
S40T104,40
S46T56,46
S33T104,33
S35T80,35
S75T40,75
S68T21,68
S64T25,64
S50T72,50
S54T96,54
S41T3,41
S71T5,71
S47T55,47
S36T52,36
S23T49,23
S22T64,22
S70T4,70
S45T104,45
S12T14,12
S76T33,76
S56T26,56
S54T65,54
S14T78,14
S62T18,62
S86T35,86
S69T50,69
S81T9,81
S98T45,98
S21T112,21
S45T63,45
S75T6,75
S15T36,15
S41T42,41
S96T98,96
S78T14,78
S34T63,34
S75T7,75
S14T30,14
S75T78,75
S12T52,12
S109T8,109
S36T22,36
S95T65,95
S103T104,103
S102T28,102
S58T24,58
S18T25,18
S87T72,87
S99T6,99
S61T72,61
S22T44,22
S60T42,60
S53T26,53
S12T11,12
S22T98,22
S61T11,61
S107T98,107
S78T4,78
S64T96,64
S100T12,100
S68T112,68
S68T8,68
S37T88,37
S1T24,1
S96T12,96
S55T2,55
S85T9,85
S105T44,105
S19T18,19
S71T13,71
S89T25,89
S55T32,55
S34T3,34
S45T56,45
S91T2,91
S77T70,77
S87T2,87
S65T35,65
S105T84,105
S96T42,96
S74T112,74
S74T15,74
S52T48,52
S81T7,81
S75T66,75
S6T78,6
S99T112,99
S77T33,77
S31T88,31
S93T18,93
S22T52,22
S22T65,22
S19T77,19
S103T80,103
S30T84,30
S4T20,4
S99T65,99
S88T4,88
S68T6,68
S24T91,24
S73T55,73
S51T54,51
S7T42,7
S62T28,62
S103T9,103
S32T63,32
S77T16,77
S94T65,94
S23T8,23
S88T30,88
S58T50,58
S46T24,46
S3T15,3
S99T50,99
S27T49,27
S57T91,57
S74T13,74
S50T18,50
S14T39,14
S14T33,14
S54T42,54
S21T78,21
S95T78,95
S58T6,58
S13T24,13
S99T5,99
S66T35,66
S84T36,84
S14T64,14
S47T28,47
S26T35,26
S19T1,19
S70T56,70
S60T84,60
S42T32,42
S49T65,49
S38T9,38
S56T8,56
S29T15,29
S58T104,58
S62T55,62
S59T77,59
S23T27,23
S83T4,83
S15T60,15
S40T11,40
S28T8,28
S58T3,58
S49T26,49
S27T78,27
S69T80,69
S42T80,42
S102T44,102
S5T56,5
S98T8,98
S102T50,102
S1T88,1
S106T91,106
S36T9,36
S19T28,19
S90T24,90
S24T15,24
S36T7,36
S68T4,68
S46T10,46
S99T36,99
S19T25,19
S3T78,3
S68T30,68
S40T2,40
S58T42,58
S25T16,25
S78T50,78
S25T27,25
S10T16,10
S42T5,42
S58T14,58
S24T30,24
S18T24,18
S70T88,70
S105T7,105
S49T22,49
S40T20,40
S85T54,85
S109T22,109
S77T36,77
S44T1,44
S98T26,98
S48T32,48
S15T48,15
S5T45,5
S6T7,6
S28T45,28
S37T66,37
S65T18,65
S5T50,5
S107T45,107
S15T39,15
S55T27,55
S35T5,35
S49T91,49
S86T60,86
S47T96,47
S106T25,106
S84T65,84
S87T35,87
S31T54,31
S29T104,29
S56T64,56
S88T64,88
S90T104,90
S35T72,35
S61T33,61
S79T88,79
S25T49,25
S41T88,41
S105T40,105
S67T25,67
S10T20,10
S44T25,44
S56T27,56
S19T26,19
S15T70,15
S15T77,15
S102T32,102
S66T5,66
S80T24,80
S97T25,97
S56T20,56
S48T104,48
S53T10,53
S7T21,7
S36T91,36
S73T24,73
S86T2,86
S100T84,100
S42T12,42
S75T27,75
S11T24,11
S77T91,77
S48T15,48
S24T10,24
S23T2,23
S94T104,94
S36T65,36
S51T50,51
S58T36,58
S66T49,66
S46T6,46
S8T91,8
S67T33,67
S98T91,98
S50T66,50
S22T13,22
S7T11,7
S61T2,61
S4T84,4
S42T52,42
S101T30,101
S36T24,36
S63T80,63
S89T10,89
S65T44,65
S75T88,75
S47T84,47
S8T20,8
S17T22,17
S20T25,20
S16T104,16
S99T9,99
S85T72,85
S55T26,55
S16T3,16
S23T63,23
S23T55,23
S23T30,23
S22T49,22
S30T72,30
S14T21,14
S93T36,93
S78T78,78
S62T22,62
S48T49,48
S108T6,108
S80T6,80
S63T2,63
S22T2,22
S83T70,83
S88T72,88
S77T40,77
S64T6,64
S41T63,41
S96T80,96
S35T64,35
S30T56,30
S58T44,58
S82T1,82
S89T3,89
S14T77,14
S27T22,27
S84T96,84
S51T104,51
S102T72,102
S47T88,47
S64T22,64
S96T96,96
S46T1,46
S3T50,3
S51T42,51
S57T33,57
S48T98,48
S61T36,61
S27T77,27
S100T96,100
S51T1,51
S39T49,39
S46T9,46
S72T80,72
S1T78,1
S100T14,100
S68T26,68
S25T12,25
S88T28,88
S59T35,59
S10T10,10
S107T88,107
S80T35,80
S2T77,2
S79T30,79
S82T7,82
S15T56,15
S71T40,71
S109T63,109
S101T14,101
S81T32,81
S85T12,85
S64T10,64
S106T18,106
S92T84,92
S80T16,80
S35T7,35
S61T70,61
S52T16,52
S45T14,45
S82T98,82
S47T3,47
S30T104,30
S90T18,90
S79T104,79
S47T24,47
S14T44,14
S76T10,76
S31T2,31
S91T32,91
S61T63,61
S20T98,20
S6T16,6
S67T56,67
S53T27,53
S68T40,68
S91T16,91
S18T28,18
S38T54,38
S14T5,14
S98T98,98
S95T66,95
S34T104,34
S27T7,27
S8T24,8
S14T3,14
S104T60,104
S101T84,101
S61T24,61
S68T78,68
S60T65,60
S108T56,108
S89T98,89
S105T20,105
S102T104,102
S92T16,92
S86T25,86
S49T48,49
S6T112,6
S26T28,26
S18T18,18
S26T4,26
S85T60,85
S107T65,107
S83T15,83
S45T16,45
S99T55,99
S104T8,104
S21T12,21
S29T14,29
S1T66,1
S90T49,90
S13T5,13
S100T70,100
S80T40,80
S52T50,52
S71T50,71
S39T44,39
S70T55,70
S97T84,97
S100T66,100
S45T30,45
S30T42,30
S19T10,19
S104T32,104
S30T2,30
S58T20,58
S11T88,11
S16T6,16
S86T28,86
S104T14,104
S24T3,24
S17T63,17
S9T5,9
S91T104,91
S43T12,43
S107T112,107
S96T65,96
S97T6,97
S82T22,82
S71T27,71
S77T64,77
S60T6,60
S108T3,108
S88T1,88
S27T80,27
S14T55,14
S77T48,77
S88T14,88
S18T2,18
S7T44,7
S105T8,105
S103T64,103
S70T21,70
S95T56,95
S36T63,36
S69T98,69
S68T1,68
S99T7,99
S40T27,40
S6T9,6
S47T66,47
S83T104,83
S61T44,61
S109T84,109
S89T24,89
S83T9,83
S88T12,88
S38T32,38
S82T104,82
S35T48,35
S2T13,2
S42T63,42
S44T35,44
S54T55,54
S101T60,101
S93T7,93
S94T80,94
S80T96,80
S82T12,82
S102T80,102
S15T52,15
S95T48,95
S28T27,28
S97T60,97
S18T22,18
S107T66,107
S5T21,5
S48T72,48
S17T14,17
S46T21,46
S109T60,109
S109T6,109
S25T96,25
S60T78,60
S72T16,72
S32T55,32
S62T56,62
S1T11,1
S81T30,81
S49T66,49
S28T12,28
S14T63,14
S1T4,1
S89T77,89
S99T26,99
S52T14,52
S100T15,100
S20T35,20
S20T15,20
S82T21,82
S64T2,64
S98T33,98
S94T63,94
S24T36,24
S15T96,15
S22T40,22
S32T22,32
S84T9,84
S78T24,78
S5T14,5
S57T98,57
S21T56,21
S101T1,101
S28T2,28
S99T40,99
S91T39,91
S67T6,67
S86T42,86
S98T39,98
S46T70,46
S52T80,52
S106T96,106
S103T16,103
S26T20,26
S103T2,103
S57T14,57
S4T80,4
S36T88,36
S97T88,97
S22T3,22
S30T55,30
S106T7,106
S85T18,85
S68T32,68
S82T24,82
S20T9,20
S65T60,65
S18T72,18
S53T2,53
S20T48,20
S103T12,103
S16T65,16
S99T72,99
S100T2,100
S52T64,52
S94T5,94
S72T21,72
S96T10,96
S71T6,71
S53T39,53
S4T56,4
S96T66,96
S99T28,99
S13T11,13
S23T36,23
S23T21,23
S94T14,94
S40T54,40
S28T63,28
S4T3,4
S18T98,18
S15T24,15
S85T20,85
S12T26,12
S57T8,57
S71T55,71
S53T22,53
S30T33,30
S86T56,86
S95T88,95
S53T112,53
S6T49,6
S106T63,106
S54T44,54
S31T96,31
S26T77,26
S101T6,101
S109T5,109
S38T27,38
S3T10,3
S56T45,56
S40T6,40
S38T6,38
S55T30,55
S85T70,85
S94T12,94
S32T70,32
S44T80,44
S3T104,3
S79T98,79
S35T20,35
S95T21,95
S65T63,65
S5T52,5
S41T13,41
S93T78,93
S2T54,2
S41T50,41
S58T56,58
S72T48,72
S18T63,18
S107T16,107
S43T64,43
S79T52,79
S89T72,89
S64T13,64
S103T66,103
S77T60,77
S98T28,98
S19T98,19
S108T10,108
S75T26,75
S69T104,69
S15T49,15
S59T84,59
S70T14,70
S20T39,20
S102T21,102
S12T40,12
S1T56,1
S14T18,14
S39T4,39
S108T80,108
S82T39,82
S55T96,55
S81T64,81
S98T35,98
S107T40,107
S90T20,90
S109T98,109
S14T22,14
S49T7,49
S95T77,95
S13T6,13
S7T88,7
S8T26,8
S33T6,33
S101T91,101
S105T50,105
S20T27,20
S69T44,69
S2T1,2
S62T16,62
S63T112,63
S48T55,48
S106T16,106
S75T48,75
S5T55,5
S91T20,91
S26T12,26
S103T32,103
S37T1,37
S49T112,49
S106T66,106
S64T45,64
S3T54,3
S71T48,71
S15T45,15
S29T64,29
S72T54,72
S13T25,13
S2T36,2
S11T112,11
S11T44,11
S66T39,66
S33T10,33
S106T6,106
S19T9,19
S84T1,84
S27T112,27
S87T80,87
S40T22,40
S90T25,90
S41T21,41
S34T64,34
S39T12,39
S53T80,53
S32T45,32
S97T9,97
S51T26,51
S90T4,90
S102T35,102
S99T2,99
S23T66,23
S47T45,47
S31T91,31
S34T88,34
S12T45,12
S13T96,13
S43T40,43
S55T39,55
S76T15,76
S95T39,95
S74T55,74
S16T7,16
S108T91,108
S8T55,8
S26T88,26
S102T78,102
S20T8,20
S6T8,6
S23T13,23
S97T15,97
S47T2,47
S92T15,92
S105T24,105
S69T42,69
S32T42,32
S104T66,104
S107T49,107
S30T36,30
S72T96,72
S35T70,35
S40T52,40
S21T50,21
S22T80,22
S97T10,97
S20T96,20
S29T60,29
S75T10,75
S107T2,107
S83T12,83
S48T39,48
S86T49,86
S93T21,93
S97T54,97
S39T25,39
S106T9,106
S28T13,28
S12T6,12
S17T112,17
S7T32,7
S64T11,64
S42T22,42
S89T40,89
S37T60,37
S26T24,26
S12T21,12
S98T56,98
S74T28,74
S60T64,60
S86T26,86
S10T112,10
S14T13,14
S105T22,105
S2T27,2
S12T33,12
S72T35,72
S7T2,7
S52T4,52
S100T40,100
S104T54,104
S108T98,108
S69T54,69
S73T80,73
S48T24,48
S73T54,73
S55T49,55
S30T66,30
S54T49,54
S70T11,70
S31T63,31
S59T54,59
S86T4,86
S76T11,76
S25T60,25
S40T112,40
S33T27,33
S25T11,25
S76T84,76
S6T22,6
S32T84,32
S9T40,9
S50T28,50
S97T48,97
S25T48,25
S12T65,12
S7T48,7
S101T49,101
S65T26,65
S70T24,70
S33T96,33
S95T3,95
S55T28,55
S15T80,15
S49T96,49
S71T2,71
S87T112,87
S46T11,46
S61T49,61
S73T70,73
S5T42,5
S46T80,46
S20T63,20
S47T72,47
S48T27,48
S97T44,97
S39T24,39
S67T42,67
S80T30,80
S76T18,76
S58T39,58
S44T66,44
S91T78,91
S109T27,109
S90T70,90
S3T49,3
S19T33,19
S99T91,99
S16T66,16
S28T52,28
S67T39,67
S80T12,80
S97T98,97
S15T27,15
S8T42,8
S50T44,50
S64T88,64
S12T13,12
S96T25,96
S26T13,26
S107T22,107
S89T1,89
S13T32,13
S61T112,61
S51T40,51
S102T11,102
S27T18,27
S97T65,97
S1T27,1
S54T50,54
S62T6,62
S108T54,108
S7T7,7
S78T91,78
S76T96,76
S21T8,21
S55T6,55
S109T15,109
S86T104,86
S45T98,45
S81T88,81
S109T9,109
S20T28,20
S78T22,78
S45T52,45
S17T36,17
S91T48,91
S64T9,64
S5T72,5
S71T11,71
S50T45,50
S10T8,10
S71T35,71
S64T20,64
S94T22,94
S1T50,1
S32T33,32
S19T44,19
S41T112,41
S67T91,67
S24T16,24
S99T98,99
S76T48,76
S77T18,77
S5T77,5
S44T96,44
S89T66,89
S13T35,13
S29T40,29
S63T104,63
S39T33,39
S72T9,72
S37T24,37
S48T18,48
S47T6,47
S77T54,77
S103T49,103
S52T22,52
S25T65,25
S12T9,12
S80T7,80
S44T11,44
S8T10,8
S29T54,29
S49T12,49
S84T60,84
S40T35,40
S81T16,81
S45T84,45
S22T78,22
S96T49,96
S64T40,64
S30T3,30
S46T96,46
S73T10,73
S75T72,75
S46T16,46
S106T21,106
S91T112,91
S103T6,103
S28T33,28
S25T21,25
S95T15,95
S41T56,41
S98T24,98
S77T4,77
S19T104,19
S47T12,47
S36T12,36
S11T11,11
S81T5,81
S55T45,55
S21T44,21
S79T16,79
S105T96,105
S20T84,20
S7T77,7
S45T49,45
S35T45,35
S53T49,53
S55T72,55
S34T32,34
S91T1,91
S29T30,29
S53T72,53
S98T112,98
S82T48,82
S87T91,87
S2T98,2
S27T30,27
S91T66,91
S35T54,35
S23T33,23
S19T49,19
S85T77,85
S2T11,2
S101T45,101
S83T8,83
S4T66,4
S56T88,56
S92T13,92
S60T32,60
S94T6,94
S38T72,38
S81T48,81
S54T8,54
S100T42,100
S79T65,79
S26T80,26
S26T21,26
S75T18,75
S83T35,83
S78T21,78
S86T1,86
S95T36,95
S66T40,66
S96T55,96
S85T49,85
S86T96,86
S50T7,50
S96T39,96
S10T42,10
S22T27,22
S100T32,100
S66T44,66
S78T12,78
S66T20,66
S76T26,76
S46T7,46
S89T96,89
S87T22,87
S101T21,101
S107T44,107
S19T39,19
S92T1,92
S17T65,17
S82T8,82
S69T36,69
S9T20,9
S33T54,33
S9T84,9
S65T2,65
S45T55,45
S102T42,102
S31T64,31
S12T78,12
S9T11,9
S30T32,30
S55T42,55
S16T112,16
S14T49,14
S10T36,10
S46T20,46
S51T22,51
S5T22,5
S74T98,74
S59T48,59
S12T4,12
S66T27,66
S60T9,60
S29T88,29
S97T2,97
S61T40,61
S67T28,67
S61T15,61
S93T96,93
S80T80,80
S20T60,20
S18T48,18
S48T52,48
S16T60,16
S42T35,42
S75T5,75
S16T27,16
S109T3,109
S84T112,84
S64T26,64
S11T84,11
S103T30,103
S51T98,51
S97T16,97
S95T11,95
S2T63,2
S39T1,39
S45T6,45
S70T60,70
S74T63,74
S81T70,81
S26T44,26
S103T65,103
S13T36,13
S43T16,43
S39T14,39
S78T16,78
S99T48,99
S26T30,26
S61T27,61
S49T1,49
S56T44,56
S41T64,41
S16T14,16
S79T70,79
S79T36,79
S58T18,58
S2T32,2
S8T40,8
S57T6,57
S1T9,1
S7T13,7
S25T45,25
S62T45,62
S84T77,84
S53T45,53
S100T7,100
S78T36,78
S14T91,14
S47T20,47
S30T14,30
S5T64,5
S55T1,55
S83T50,83
S88T24,88
S71T12,71
S15T3,15
S45T22,45
S102T25,102
S67T80,67
S28T78,28
S108T2,108
S75T15,75
S73T8,73
S100T3,100
S2T5,2
S25T112,25
S22T21,22
S61T10,61
S7T16,7
S78T28,78
S13T28,13
S34T54,34
S14T2,14
S64T4,64
S68T9,68
S39T42,39
S70T54,70
S100T112,100
S107T25,107
S64T49,64
S20T112,20
S30T78,30
S93T14,93
S77T104,77
S66T65,66
S24T104,24
S11T40,11
S51T48,51
S1T30,1
S102T70,102
S19T72,19
S74T91,74
S88T39,88
S77T21,77
S89T54,89
S46T63,46
S32T20,32
S105T65,105
S7T3,7
S19T2,19
S17T78,17
S23T11,23
S22T16,22
S108T24,108
S42T66,42
S59T11,59
S9T104,9
S62T60,62
S99T15,99
S105T66,105
S59T2,59
S77T26,77
S15T50,15
S13T12,13
S49T32,49
S89T70,89
S27T25,27
S4T52,4
S11T78,11
S17T18,17
S102T88,102
S75T28,75
S102T7,102
S75T49,75
S69T27,69
S89T6,89
S9T4,9
S87T20,87
S109T44,109
S79T8,79
S101T13,101
S52T15,52
S53T28,53
S56T7,56
S47T77,47
S37T30,37
S87T16,87
S12T91,12
S26T48,26
S90T8,90
S86T10,86
S83T13,83
S43T7,43
S87T3,87
S84T49,84
S91T5,91
S81T91,81
S44T65,44
S72T4,72
S7T78,7
S65T39,65
S74T5,74
S75T8,75
S90T2,90
S3T56,3
S27T6,27
S2T24,2
S21T14,21
S52T104,52
S36T21,36
S62T91,62
S34T52,34
S2T20,2
S51T52,51
S36T28,36
S40T66,40
S94T60,94
S8T16,8
S69T25,69
S45T39,45
S34T36,34
S71T60,71
S79T55,79
S46T8,46
S10T96,10
S43T32,43
S44T60,44
S8T80,8
S37T12,37
S79T24,79
S63T15,63
S47T78,47
S28T15,28
S34T44,34
S71T33,71
S56T25,56
S27T56,27
S73T11,73
S9T39,9
S93T39,93
S57T10,57
S91T42,91
S70T6,70
S58T13,58
S51T25,51
S74T64,74
S11T80,11
S82T42,82
S62T42,62
S86T48,86
S29T20,29
S52T3,52
S63T28,63
S84T6,84
S34T13,34
S49T10,49
S92T27,92
S108T78,108
S57T26,57
S28T70,28
S70T40,70
S78T13,78
S55T64,55
S82T44,82
S107T56,107
S51T91,51
S13T39,13
S37T33,37
S39T78,39
S63T49,63
S5T28,5
S104T70,104
S13T98,13
S99T20,99
S26T78,26
S59T5,59
S61T98,61
S85T28,85
S28T72,28
S92T40,92
S83T52,83
S106T4,106
S64T30,64
S78T18,78
S98T22,98
S45T60,45
S38T21,38
S70T25,70
S95T44,95
S36T49,36
S104T39,104
S49T35,49
S13T50,13
S83T21,83
S62T96,62
S88T42,88
S61T78,61
S27T98,27
S92T5,92
S96T77,96
S108T8,108
S21T40,21
S3T22,3
S45T45,45
S47T27,47
S51T77,51
S72T7,72
S89T7,89
S37T35,37
S50T32,50
S39T55,39
S46T15,46
S50T12,50
S72T3,72
S93T88,93
S96T64,96
S82T40,82
S43T36,43
S107T64,107
S4T22,4
S65T50,65
S40T84,40
S46T65,46
S108T7,108
S38T56,38
S105T12,105
S109T65,109
S43T25,43
S59T64,59
S58T11,58
S88T27,88
S100T4,100
S89T78,89
S106T20,106
S9T1,9
S56T96,56
S96T56,96
S24T70,24
S39T32,39
S35T50,35
S55T50,55
S100T25,100
S96T15,96
S40T26,40
S40T21,40
S77T112,77
S93T65,93
S62T64,62
S13T9,13
S18T77,18
S73T7,73
S64T63,64
S68T63,68
S104T91,104
S80T22,80
S57T7,57
S38T7,38
S29T2,29
S31T1,31
S63T60,63
S20T26,20
S11T35,11
S76T39,76
S2T2,2
S53T32,53
S96T6,96
S23T40,23
S72T24,72
S38T77,38
S92T36,92
S49T16,49
S24T35,24
S95T70,95
S67T9,67
S34T14,34
S3T9,3
S33T18,33
S38T39,38
S87T45,87
S62T7,62
S64T42,64
S88T10,88
S59T40,59
S77T32,77
S50T78,50
S84T66,84
S65T77,65
S37T49,37
S55T66,55
S42T48,42
S78T80,78
S72T10,72
S24T40,24
S39T52,39
S23T22,23
S81T10,81
S3T39,3
S5T80,5
S83T40,83
S78T3,78
S1T3,1
S84T70,84
S83T64,83
S87T78,87
S51T36,51
S4T27,4
S80T5,80
S6T77,6
S80T27,80
S41T8,41
S34T16,34
S21T16,21
S95T80,95
S46T5,46
S63T70,63
S32T88,32
S23T52,23
S103T27,103
S16T70,16
S33T36,33
S29T24,29
S13T2,13
S37T45,37
S22T39,22
S23T14,23
S87T27,87
S27T27,27
S11T56,11
S74T45,74
S54T54,54
S16T11,16
S105T52,105
S52T54,52
S56T15,56
S80T84,80
S94T32,94
S95T2,95
S49T77,49
S3T12,3
S93T13,93
S108T32,108
S23T20,23
S81T21,81
S63T72,63
S32T48,32
S97T1,97
S75T25,75
S29T44,29
S46T78,46
S6T28,6
S30T65,30
S85T36,85
S37T56,37
S29T63,29
S90T52,90
S72T25,72
S8T49,8
S73T27,73
S98T12,98
S92T10,92
S8T11,8
S86T30,86
S23T91,23
S4T11,4
S6T65,6
S82T91,82
S27T8,27
S38T80,38
S65T80,65
S94T35,94
S47T15,47
S88T112,88
S2T78,2
S101T77,101
S70T27,70
S63T42,63
S36T50,36
S69T1,69
S82T63,82
S107T35,107
S49T39,49
S27T42,27
S101T55,101
S42T20,42
S82T33,82
S83T6,83
S3T21,3
S68T22,68
S107T60,107
S31T56,31
S61T12,61
S58T32,58
S4T88,4
S61T65,61
S74T6,74
S12T5,12
S42T72,42
S23T84,23
S76T80,76
S84T28,84
S61T22,61
S22T70,22
S42T64,42
S60T56,60
S9T78,9
S64T91,64
S66T9,66
S67T35,67
S51T44,51
S14T50,14
S68T10,68
S17T16,17
S37T50,37
S12T54,12
S98T84,98
S50T52,50
S84T10,84
S57T49,57
S3T28,3
S8T4,8
S50T63,50
S28T98,28
S78T66,78
S38T28,38
S67T10,67
S34T39,34
S36T45,36
S20T10,20
S61T32,61
S16T16,16
S90T3,90
S68T36,68
S16T9,16
S1T55,1
S18T96,18
S98T15,98
S26T91,26
S54T28,54
S26T27,26
S62T36,62
S24T22,24
S79T42,79
S86T91,86
S1T14,1
S29T9,29
S42T27,42
S102T15,102
S107T3,107
S64T27,64
S8T70,8
S97T8,97
S50T40,50
S38T104,38
S86T78,86
S69T14,69
S25T3,25
S26T25,26
S50T84,50
S99T56,99
S98T55,98
S18T40,18
S3T5,3
S101T36,101
S60T24,60
S27T96,27
S76T55,76
S27T21,27
S95T64,95
S78T84,78
S38T24,38
S103T40,103
S95T24,95
S102T40,102
S86T15,86
S92T80,92
S20T72,20
S45T7,45
S23T72,23
S67T50,67
S45T50,45
S47T64,47
S35T25,35
S76T63,76
S14T54,14
S8T72,8
S24T13,24
S43T8,43
S51T18,51
S50T36,50
S82T112,82
S52T5,52
S3T60,3
S58T21,58
S90T56,90
S54T3,54
S43T4,43
S81T2,81
S100T26,100
S18T84,18
S72T27,72
S9T21,9
S109T91,109
S9T3,9
S44T64,44
S81T24,81
S67T78,67
S14T70,14
S105T88,105
S5T30,5
S20T32,20
S109T33,109
S18T1,18
S73T98,73
S17T48,17
S70T78,70
S108T27,108
S66T42,66
S108T5,108
S38T2,38
S46T36,46
S107T30,107
S35T40,35
S83T36,83
S14T60,14
S108T49,108
S14T25,14
S87T15,87
S14T6,14
S107T12,107
S89T52,89
S79T18,79
S35T49,35
S79T54,79
S9T10,9
S62T50,62
S92T78,92
S5T4,5
S41T39,41
S42T96,42
S13T78,13
S85T6,85
S96T60,96
S108T50,108
S88T98,88
S37T42,37
S52T88,52
S96T28,96
S84T80,84
S6T32,6
S14T11,14
S10T54,10
S109T50,109
S12T36,12
S48T21,48
S106T72,106
S57T56,57
S51T78,51
S36T40,36
S3T96,3
S1T15,1
S86T18,86
S70T20,70
S8T5,8
S60T11,60
S84T7,84
S29T49,29
S20T64,20
S80T39,80
S68T20,68
S78T48,78
S67T11,67
S96T78,96
S40T10,40
S1T80,1
S41T98,41
S34T49,34
S52T52,52
S39T80,39
S42T3,42
S24T27,24
S85T5,85
S60T40,60
S75T32,75
S25T15,25
S35T16,35
S52T12,52
S17T12,17
S13T22,13
S9T24,9
S4T49,4
S22T25,22
S1T33,1
S40T96,40
S80T1,80
S34T33,34
S17T54,17
S18T104,18
S108T96,108
S10T104,10
S103T72,103
S90T9,90
S62T78,62
S53T44,53
S95T96,95
S93T10,93
S29T112,29
S73T21,73
S66T52,66
S94T2,94
S106T64,106
S18T3,18
S89T22,89
S63T91,63
S40T16,40
S48T16,48
S74T35,74
S71T14,71
S55T56,55
S61T60,61
S60T35,60
S8T104,8
S43T112,43
S9T22,9
S37T22,37
S80T49,80
S82T50,82
S2T12,2
S13T27,13
S34T96,34
S104T52,104
S56T66,56
S91T54,91
S43T44,43
S61T104,61
S90T12,90
S87T55,87
S22T20,22
S95T13,95
S51T2,51
S103T7,103
S22T66,22
S60T22,60
S22T6,22
S43T21,43
S103T13,103
S84T18,84
S76T42,76
S99T77,99
S107T52,107
S6T55,6
S60T66,60
S104T6,104
S74T48,74
S70T44,70
S69T91,69
S63T78,63
S57T1,57
S60T77,60
S1T52,1
S106T28,106
S27T66,27
S85T21,85
S59T33,59
S14T104,14
S46T88,46
S86T24,86
S76T65,76
S16T39,16
S44T52,44
S70T18,70
S45T9,45
S102T26,102
S67T8,67
S92T88,92
S29T91,29
S2T6,2
S73T35,73
S97T80,97
S23T4,23
S65T49,65
S72T32,72
S51T5,51
S74T49,74
S24T60,24
S79T44,79
S14T35,14
S93T80,93
S33T12,33
S23T26,23
S55T7,55
S6T12,6
S9T55,9
S51T32,51
S89T44,89
S105T30,105
S43T72,43
S38T88,38
S89T18,89
S80T52,80
S53T96,53
S95T104,95
S45T44,45
S38T50,38
S14T80,14
S30T15,30
S37T6,37
S44T6,44
S27T5,27
S21T10,21
S41T2,41
S16T21,16
S92T11,92
S12T104,12
S20T4,20
S68T48,68
S27T70,27
S17T30,17
S32T96,32
S82T18,82
S51T24,51
S75T3,75
S71T32,71
S17T77,17
S20T42,20
S12T32,12
S76T35,76
S31T27,31
S108T26,108
S40T65,40
S58T27,58
S36T48,36
S55T77,55
S34T11,34
S35T84,35
S53T91,53
S77T3,77
S73T78,73
S62T44,62
S85T16,85
S20T80,20
S33T77,33
S30T25,30
S103T25,103
S22T12,22
S41T10,41
S8T50,8
S107T26,107
S89T13,89
S97T18,97
S75T91,75
S17T8,17
S82T9,82
S76T1,76
S27T28,27
S49T60,49
S96T21,96
S37T80,37
S40T36,40
S67T77,67
S44T10,44
S52T40,52
S102T55,102
S42T78,42
S59T91,59
S60T48,60
S9T98,9
S60T80,60
S32T24,32
S98T5,98
S7T24,7
S27T15,27
S93T63,93
S63T6,63
S11T1,11
S75T52,75
S59T44,59
S91T49,91
S30T112,30
S53T70,53
S27T48,27
S2T45,2
S17T10,17
S48T30,48
S4T78,4
S102T10,102
S70T33,70
S105T9,105
S22T55,22
S36T36,36
S55T25,55
S76T91,76
S56T78,56
S29T27,29
S65T48,65
S97T42,97
S36T77,36
S107T54,107
S53T24,53
S31T44,31
S59T16,59
S92T91,92
S52T1,52
S9T91,9
S31T39,31
S69T65,69
S87T56,87
S30T64,30
S65T70,65
S50T8,50
S109T36,109
S106T5,106
S8T7,8
S89T28,89
S104T77,104
S10T45,10
S16T45,16
S93T16,93
S68T49,68
S64T12,64
S50T77,50
S53T52,53
S6T24,6
S55T12,55
S88T13,88
S63T96,63
S61T54,61
S95T4,95
S103T8,103
S84T104,84
S62T84,62
S31T8,31
S46T64,46
S103T15,103
S11T32,11
S21T32,21
S86T112,86
S15T98,15
S8T25,8
S1T104,1
S35T33,35
S109T11,109
S59T88,59
S16T30,16
S91T28,91
S100T21,100
S24T9,24
S41T27,41
S57T60,57
S51T60,51
S95T52,95
S20T12,20
S56T5,56
S21T72,21
S9T56,9
S91T72,91
S41T84,41
S20T45,20
S61T1,61
S10T3,10
S91T8,91
S67T2,67
S28T44,28
S45T25,45
S39T7,39
S8T52,8
S46T42,46
S4T40,4
S74T25,74
S39T26,39
S96T32,96
S24T6,24
S88T5,88
S24T4,24
S51T12,51
S77T96,77
S54T6,54
S50T21,50
S97T55,97
S92T35,92
S37T78,37
S28T88,28
S82T36,82
S32T3,32
S42T15,42
S33T48,33
S66T91,66
S38T25,38
S87T84,87
S105T42,105
S107T33,107
S35T9,35
S45T11,45
S31T22,31
S45T10,45
S14T36,14
S35T1,35
S32T112,32
S83T16,83
S62T35,62
S69T60,69
S99T22,99
S47T80,47
S71T21,71
S67T98,67
S16T42,16
S16T4,16
S61T56,61
S49T2,49
S14T10,14
S83T3,83
S100T60,100
S47T52,47
S61T9,61
S70T96,70
S72T49,72
S11T63,11
S41T14,41
S45T66,45
S109T56,109
S32T78,32
S82T32,82
S15T10,15
S70T39,70
S60T12,60
S9T35,9
S78T40,78
S24T32,24
S41T96,41
S60T16,60
S43T27,43
S41T24,41
S65T36,65
S25T32,25
S48T36,48
S59T70,59
S51T84,51
S86T40,86
S84T26,84
S7T6,7
S17T44,17
S1T7,1
S65T52,65
S88T40,88
S57T32,57
S58T26,58
S56T11,56
S24T84,24
S17T27,17
S11T91,11
S94T55,94
S107T96,107
S88T52,88
S53T25,53
S83T49,83
S102T39,102
S89T42,89
S80T91,80
S9T77,9
S97T96,97
S103T78,103
S62T27,62
S8T30,8
S106T13,106
S10T98,10
S29T52,29
S56T60,56
S58T1,58
S90T65,90
S77T72,77
S4T54,4
S12T77,12
S8T21,8
S105T78,105
S5T24,5
S43T5,43
S43T1,43
S96T44,96
S61T20,61
S38T112,38
S29T80,29
S19T15,19
S35T26,35
S29T8,29
S84T54,84
S68T24,68
S2T21,2
S30T22,30
S54T77,54
S42T7,42
S74T56,74
S88T50,88
S105T80,105
S63T27,63
S92T70,92
S68T2,68
S45T36,45
S11T54,11
S15T5,15
S64T32,64
S109T1,109
S16T32,16
S98T30,98
S95T42,95
S48T48,48
S62T25,62
S52T36,52
S59T36,59
S73T26,73
S20T5,20
S36T56,36
S61T48,61
S1T25,1
S70T15,70
S62T77,62
S5T48,5
S23T12,23
S18T9,18
S91T56,91
S64T84,64
S67T24,67
S89T84,89
S24T39,24
S17T28,17
S64T50,64
S97T21,97
S86T27,86
S35T78,35
S78T20,78
S59T52,59
S9T66,9
S100T11,100
S55T36,55
S23T18,23
S56T18,56
S73T12,73
S34T1,34
S83T65,83
S45T12,45
S50T42,50
S44T4,44
S95T35,95
S56T56,56
S37T13,37
S25T91,25
S22T50,22
S54T45,54
S9T52,9
S3T4,3
S81T104,81
S73T44,73
S46T104,46
S86T84,86
S99T24,99
S94T45,94
S5T112,5
S89T63,89
S83T11,83
S40T30,40
S57T9,57
S4T14,4
S63T4,63
S71T30,71
S50T6,50
S88T91,88
S84T5,84
S79T4,79
S47T42,47
S97T49,97
S12T60,12
S105T33,105
S71T20,71
S67T70,67
S12T88,12
S62T33,62
S19T30,19
S96T4,96
S77T9,77
S44T50,44
S24T8,24
S82T20,82
S93T40,93
S78T26,78
S78T35,78
S39T16,39
S102T112,102
S10T2,10
S60T50,60
S13T66,13
S29T3,29
S35T12,35
S21T77,21
S48T12,48
S54T48,54
S81T45,81
S100T24,100
S82T3,82
S71T15,71
S59T9,59
S13T18,13
S36T3,36
S68T77,68
S103T56,103
S102T49,102
S58T96,58
S71T91,71
S85T35,85
S55T8,55
S1T2,1
S19T65,19
S41T66,41
S24T25,24
S60T45,60
S101T112,101
S69T70,69
S47T36,47
S4T26,4
S92T64,92
S4T1,4
S68T55,68
S39T11,39
S73T40,73
S76T22,76
S71T80,71
S71T84,71
S15T2,15
S79T9,79
S57T28,57
S65T5,65
S107T24,107
S91T7,91
S46T13,46
S99T25,99
S106T32,106
S66T96,66
S108T30,108
S57T78,57
S72T26,72
S11T48,11
S55T78,55
S54T40,54
S47T11,47
S69T45,69
S25T18,25
S2T44,2
S32T104,32
S23T54,23
S38T8,38
S78T63,78
S39T28,39
S38T11,38
S77T98,77
S104T11,104
S107T5,107
S25T20,25
S83T27,83
S17T21,17
S75T36,75
S63T88,63
S31T42,31
S31T15,31
S98T72,98
S108T88,108
S108T65,108
S28T5,28
S80T98,80
S44T44,44
S96T54,96
S84T24,84
S70T63,70
S104T104,104
S23T6,23
S85T84,85
S61T26,61
S47T39,47
S54T5,54
S69T8,69
S4T91,4
S72T2,72
S68T12,68
S35T15,35
S21T39,21
S88T2,88
S92T32,92
S73T14,73
S14T32,14
S67T112,67
S46T35,46
S73T91,73
S16T36,16
S92T7,92
S88T65,88
S12T18,12
S21T96,21
S25T44,25
S65T6,65
S64T5,64
S35T14,35
S54T14,54
S2T66,2
S86T54,86
S25T1,25
S60T36,60
S4T6,4
S99T88,99
S94T20,94
S67T27,67
S28T60,28
S103T84,103
S6T56,6
S93T54,93
S71T49,71
S50T27,50
S84T22,84
S41T65,41
S105T49,105
S61T77,61
S23T9,23
S34T55,34
S99T44,99
S16T40,16
S30T18,30
S81T20,81
S81T44,81
S1T36,1
S47T60,47
S68T35,68
S41T26,41
S54T12,54
S37T39,37
S22T5,22
S22T33,22
S72T63,72
S101T88,101
S21T21,21
S105T5,105
S54T104,54
S14T27,14
S56T36,56
S33T80,33
S33T26,33
S17T32,17
S3T64,3
S12T24,12
S102T16,102
S5T13,5
S21T91,21
S94T30,94
S74T24,74
S6T60,6
S61T28,61
S3T25,3
S27T45,27
S75T70,75
S43T98,43
S64T64,64
S93T50,93
S27T3,27
S64T66,64
S88T55,88
S77T56,77
S51T112,51
S31T60,31
S26T14,26
S88T36,88
S76T24,76
S95T7,95
S107T8,107
S104T4,104
S62T11,62
S31T77,31
S49T21,49
S7T96,7
S53T84,53
S40T5,40
S106T12,106
S47T26,47
S17T52,17
S88T84,88
S3T7,3
S86T16,86
S69T56,69
S45T18,45
S90T64,90
S98T9,98
S54T66,54
S38T78,38
S91T3,91
S80T112,80
S48T28,48
S106T84,106
S3T6,3
S15T42,15
S3T32,3
S85T63,85
S29T5,29
S66T1,66
S2T7,2
S100T36,100
S25T40,25
S66T13,66
S65T10,65
S28T22,28
S69T52,69
S100T65,100
S86T14,86
S19T5,19
S74T39,74
S107T39,107
S6T33,6
S15T25,15
S15T32,15
S94T7,94
S45T40,45
S109T10,109
S21T64,21
S5T49,5
S2T35,2
S108T70,108
S28T35,28
S41T36,41
S48T65,48
S52T10,52
S65T7,65
S78T42,78
S37T4,37
S100T56,100
S45T21,45
S75T39,75
S69T6,69
S29T18,29
S75T21,75
S91T14,91
S76T44,76
S21T26,21
S70T72,70
S80T78,80
S72T30,72
S39T64,39
S56T30,56
S40T14,40
S103T63,103
S34T5,34
S16T55,16
S91T35,91
S93T20,93
S28T25,28
S62T112,62
S70T42,70
S99T80,99
S64T3,64
S57T112,57
S90T16,90
S70T2,70
S47T4,47
S65T28,65
S93T42,93
S54T84,54
S22T77,22
S106T30,106
S23T39,23
S64T48,64
S57T27,57
S31T72,31
S104T27,104
S5T32,5
S4T12,4
S86T11,86
S10T44,10
S83T10,83
S60T63,60
S83T48,83
S4T50,4
S37T55,37
S63T24,63
S61T14,61
S106T14,106
S100T30,100
S4T96,4
S72T98,72
S17T5,17
S54T27,54
S6T54,6
S70T104,70
S19T36,19
S101T78,101
S24T1,24
S25T56,25
S7T22,7
S34T20,34
S53T12,53
S74T80,74
S33T84,33
S98T11,98
S89T5,89
S46T44,46
S48T70,48
S41T9,41
S3T16,3
S74T50,74
S57T5,57
S81T39,81
S4T72,4
S47T91,47
S90T28,90
S88T18,88
S25T54,25
S70T9,70
S44T91,44
S92T60,92
S4T77,4
S77T12,77
S59T14,59
S80T65,80
S26T72,26
S21T66,21
S49T64,49
S59T60,59
S7T63,7
S72T20,72
S67T63,67
S35T77,35
S66T88,66
S78T39,78
S82T60,82
S9T72,9
S21T65,21
S68T15,68
S61T96,61
S40T50,40
S9T9,9
S61T6,61
S59T6,59
S29T4,29
S67T36,67
S49T98,49
S85T2,85
S3T30,3
S74T21,74
S49T104,49
S43T78,43
S39T18,39
S99T18,99
S21T22,21
S22T54,22
S98T32,98
S6T52,6
S15T26,15
S36T78,36
S10T25,10
S77T55,77
S23T45,23
S50T112,50
S105T39,105
S39T63,39
S46T52,46
S107T15,107
S17T15,17
S27T44,27
S40T24,40
S100T44,100
S99T104,99
S6T48,6
S60T112,60
S55T4,55
S85T13,85
S105T3,105
S97T66,97
S33T11,33
S53T8,53
S91T84,91
S16T63,16
S82T45,82
S54T22,54
S4T44,4
S77T63,77
S16T96,16
S6T27,6
S7T36,7
S87T88,87
S77T77,77
S10T15,10
S105T112,105
S82T55,82
S49T88,49
S90T45,90
S38T16,38
S29T98,29
S5T26,5
S52T45,52
S36T112,36
S97T5,97
S93T66,93
S17T66,17
S24T21,24
S87T98,87
S84T72,84
S93T26,93
S70T22,70
S7T66,7
S50T10,50
S12T48,12
S104T63,104
S70T12,70
S13T10,13
S40T40,40
S22T60,22
S95T91,95
S101T32,101
S20T30,20
S22T63,22
S79T39,79
S27T40,27
S72T11,72
S84T55,84
S53T104,53
S36T20,36
S6T88,6
S66T66,66
S72T65,72
S54T56,54
S69T66,69
S14T9,14
S38T84,38
S81T15,81
S11T65,11
S6T14,6
S61T5,61
S104T84,104
S92T44,92
S63T39,63
S44T40,44
S13T42,13
S9T15,9
S14T48,14
S12T20,12
S65T54,65
S68T72,68
S26T11,26
S45T112,45
S50T65,50
S31T21,31
S51T11,51
S34T66,34
S78T10,78
S39T30,39
S30T26,30
S28T4,28
S32T80,32
S35T60,35
S96T63,96
S96T70,96
S25T14,25
S28T40,28
S80T15,80
S74T20,74
S87T11,87
S31T10,31
S35T55,35
S83T84,83
S49T30,49
S58T5,58
S10T77,10
S58T84,58
S10T21,10
S41T32,41
S54T10,54
S52T60,52
S96T7,96
S101T16,101
S78T44,78
S17T26,17
S12T1,12
S92T98,92
S41T33,41
S1T22,1
S62T20,62
S7T1,7
S35T98,35
S108T12,108
S58T45,58
S108T52,108
S60T13,60
S11T20,11
S9T30,9
S59T65,59
S77T1,77
S102T18,102
S88T48,88
S65T72,65
S89T12,89
S5T27,5
S12T98,12
S9T12,9
S29T66,29
S45T26,45
S62T8,62
S94T64,94
S48T91,48
S5T16,5
S104T80,104
S8T78,8
S25T78,25
S49T28,49
S101T54,101
S19T14,19
S57T40,57
S42T54,42
S98T13,98
S74T40,74
S38T35,38
S98T21,98
S58T22,58
S7T4,7
S96T13,96
S38T20,38
S20T70,20
S107T32,107
S33T14,33
S83T112,83
S43T56,43
S34T78,34
S12T12,12
S6T91,6
S102T77,102
S75T2,75
S3T33,3
S87T49,87
S85T30,85
S55T16,55
S24T65,24
S95T30,95
S68T42,68
S89T36,89
S52T9,52
S27T64,27
S57T11,57
S18T4,18
S12T55,12
S1T39,1
S63T1,63
S64T28,64
S5T65,5
S20T77,20
S28T50,28
S7T84,7
S59T30,59
S72T70,72
S40T39,40
S64T33,64
S88T96,88
S83T1,83
S73T112,73
S56T40,56
S77T65,77
S86T65,86
S64T65,64
S44T18,44
S100T52,100
S44T20,44
S68T66,68
S101T48,101
S85T25,85
S34T21,34
S58T112,58
S19T63,19
S9T64,9
S43T52,43
S94T16,94
S5T104,5
S63T63,63
S56T104,56
S69T77,69
S22T48,22
S105T54,105
S35T52,35
S93T98,93
S83T60,83
S52T66,52
S79T26,79
S9T7,9
S61T4,61
S94T88,94
S47T98,47
S103T70,103
S68T80,68
S18T44,18
S39T56,39
S95T8,95
S35T10,35
S90T30,90
S98T3,98
S18T50,18
S59T18,59
S19T64,19
S6T45,6
S66T21,66
S49T20,49
S102T1,102
S78T27,78
S80T64,80
S55T13,55
S55T33,55
S106T70,106
S33T3,33
S58T4,58
S38T63,38
S22T28,22
S35T11,35
S39T27,39
S90T55,90
S33T1,33
S89T30,89
S17T45,17
S40T9,40
S9T13,9
S97T26,97
S53T42,53
S61T64,61
S70T28,70
S38T64,38
S61T84,61
S106T55,106
S66T2,66
S71T42,71
S100T10,100
S102T13,102
S28T20,28
S33T91,33
S98T16,98
S36T98,36
S9T88,9
S15T72,15
S26T32,26
S79T45,79
S62T40,62
S3T14,3
S94T44,94
S5T98,5
S69T96,69
S82T64,82
S97T52,97
S46T84,46
S92T33,92
S4T60,4
S71T7,71
S99T10,99
S3T66,3
S21T25,21
S28T54,28
S40T56,40
S108T33,108
S106T42,106
S3T77,3
S81T22,81
S90T27,90
S69T30,69
S25T98,25
S4T98,4
S91T13,91
S103T52,103
S46T3,46
S27T13,27
S101T50,101
S84T15,84
S11T77,11
S60T21,60
S73T33,73
S56T16,56
S17T60,17
S43T35,43
S99T27,99
S81T52,81
S67T5,67
S34T6,34
S50T96,50
S2T96,2
S63T26,63
S50T5,50
S25T24,25
S58T25,58
S69T13,69
S39T104,39
S15T54,15
S24T14,24
S102T54,102
S37T20,37
S31T18,31
S60T33,60
S53T50,53
S14T24,14
S61T30,61
S40T77,40
S106T24,106
S32T26,32
S97T24,97
S56T48,56
S16T20,16
S105T1,105
S78T104,78
S38T40,38
S69T88,69
S108T45,108
S54T2,54
S31T70,31
S31T35,31
S11T5,11
S87T60,87
S84T50,84
S85T4,85
S25T80,25
S81T12,81
S95T112,95
S35T2,35
S106T11,106
S21T11,21
S80T2,80
S76T21,76
S30T96,30
S20T52,20
S7T33,7
S41T40,41
S56T98,56
S97T13,97
S37T70,37
S22T1,22
S37T5,37
S21T18,21
S15T15,15
S36T33,36
S87T65,87
S105T18,105
S36T10,36
S29T65,29
S51T8,51
S47T9,47
S34T4,34
S92T55,92
S12T72,12
S21T49,21
S52T27,52
S3T44,3
S25T35,25
S15T14,15
S31T52,31
S33T9,33
S10T80,10
S45T80,45
S105T55,105
S27T91,27
S80T13,80
S28T3,28
S1T98,1
S56T49,56
S18T55,18
S90T22,90
S102T9,102
S59T20,59
S12T63,12
S105T98,105
S3T55,3
S53T66,53
S102T96,102
S29T32,29
S28T84,28
S6T15,6
S26T16,26
S66T78,66
S75T14,75
S93T5,93
S90T98,90
S96T2,96
S56T77,56
S21T33,21
S89T15,89
S28T112,28
S3T18,3
S21T45,21
S64T77,64
S65T12,65
S7T54,7
S109T7,109
S67T55,67
S10T40,10
S86T7,86
S30T12,30
S48T11,48
S54T13,54
S15T66,15
S106T48,106
S7T10,7
S26T22,26
S18T91,18
S32T18,32
S107T91,107
S100T45,100
S50T22,50
S42T65,42
S25T52,25
S27T52,27
S36T16,36
S93T22,93
S54T26,54
S99T49,99
S37T10,37
S73T63,73
S85T11,85
S63T65,63
S40T42,40
S82T27,82
S31T112,31
S67T13,67
S76T6,76
S69T10,69
S75T77,75
S38T36,38
S92T30,92
S16T84,16
S36T5,36
S46T66,46
S75T98,75
S66T55,66
S95T14,95
S93T4,93
S52T30,52
S15T28,15
S43T88,43
S30T6,30
S5T91,5
S45T64,45
S43T30,43
S29T56,29
S85T39,85
S1T18,1
S14T42,14
S10T4,10
S91T26,91
S84T78,84
S107T70,107
S13T70,13
S82T2,82
S26T15,26
S82T30,82
S81T77,81
S13T26,13
S84T21,84
S98T27,98
S65T3,65
S75T13,75
S20T22,20
S50T39,50
S40T18,40
S2T33,2
S32T10,32
S3T52,3
S88T35,88
S95T49,95
S15T8,15
S24T72,24
S76T45,76
S30T77,30
S98T40,98
S74T16,74
S43T33,43
S29T25,29
S4T64,4
S22T42,22
S105T2,105
S24T63,24
S83T72,83
S87T42,87
S68T5,68
S18T35,18
S69T15,69
S32T60,32
S16T56,16
S73T39,73
S72T22,72
